old_public_path,new_public_path
/abs-plastic-pellets-industrial.jpg,/abs-plastic-pellets-industrial.jpg
/docs/Sertifikat-GOST-R-ISO-14001-2016_2023.pdf,/docs/sertifikat-gost-r-iso-14001-2016-2023.pdf
/docs/pasport-bentol-2024.pdf,/docs/pasport-bentol-2024.pdf
/docs/quality/ISO_2020.jpg,/docs/quality/iso-2020.jpg
/docs/quality/Kaski1.jpg,/docs/quality/kaski1.jpg
/docs/quality/sertifikat-SMK-2026.jpg,/docs/quality/sertifikat-smk-2026.jpg
/docs/quality/Диплом_АБС.jpg,/docs/quality/diplom-abs.jpg
/docs/quality/СВИДЕТЕЛЬСТВО.jpg,/docs/quality/svidetelstvo.jpg
/docs/Корпоративный-кодекс.pdf,/docs/korporativnyy-kodeks.pdf
/generic-energy-logo.png,/generic-energy-logo.png
/images/FURS0027_1.jpeg,/images/furs0027-1.jpeg
/images/FURS0085.jpeg,/images/furs0085.jpeg
/images/PASF-PLASTIK.pdf,/images/pasf-plastik.pdf
/images/about-hero-production-winter.png,/images/about-hero-production-winter.png
/images/abs-plastik-katalog.webp,/images/abs-plastik-katalog.webp
/images/absiplast_main.png,/images/absiplast-main.png
/images/abskhar.png,/images/abskhar.png
/images/absplasric.jpeg,/images/absplasric.jpeg
/images/bent.jpeg,/images/bent.jpeg
/images/bentol.png,/images/bentol.png
/images/bluetubes.mp4,/images/bluetubes.mp4
/images/bosses/IvanishhevAG.jpg,/images/bosses/ivanishhevag.jpg
/images/bosses/KizimovRN_2.jpg,/images/bosses/kizimovrn-2.jpg
/images/bosses/Makarova.jpeg,/images/bosses/makarova.jpeg
/images/bosses/Stepanov.jpg,/images/bosses/stepanov.jpg
/images/bosses/grechnev.jpg,/images/bosses/grechnev.jpg
/images/bosses/konduktorov.jpg,/images/bosses/konduktorov.jpg
/images/bosses/Кизимов_Николай_Владимирович.jpg,/images/bosses/kizimov-nikolay-vladimirovich.jpg
/images/bosses/Куликова-150x150.jpg,/images/bosses/kulikova-150x150.jpg
/images/bosses/Снимок-экрана-2014-12-24-в-18.00.18.png,/images/bosses/snimok-ekrana-2014-12-24-v-18-00-18.png
/images/bosses/Снимок-экрана-2014-12-24-в-18.03.591.png,/images/bosses/snimok-ekrana-2014-12-24-v-18-03-591.png
/images/dillerlogo.jpg,/images/dillerlogo.jpg
/images/dms-extrusion-photos/logo123.png,/images/dms-extrusion-photos/logo123.png
"/images/dms-extrusion-photos/СП 2147-04,06_1.jpeg",/images/dms-extrusion-photos/sp-2147-04-06-1.jpeg
/images/dms-extrusion-photos/СП 2148-03_1.jpeg,/images/dms-extrusion-photos/sp-2148-03-1.jpeg
/images/dms-extrusion-photos/СП 2158-02_1.jpeg,/images/dms-extrusion-photos/sp-2158-02-1.jpeg
/images/dms-extrusion-photos/СП 2158_1.jpeg,/images/dms-extrusion-photos/sp-2158-1.jpeg
/images/dms-extrusion-photos/СП 2187_1.jpeg,/images/dms-extrusion-photos/sp-2187-1.jpeg
/images/dms-extrusion-photos/СП 2320-01_1.jpeg,/images/dms-extrusion-photos/sp-2320-01-1.jpeg
/images/dms-extrusion-photos/СП 2320-02_1.jpeg,/images/dms-extrusion-photos/sp-2320-02-1.jpeg
/images/dms-extrusion-photos/СП 2320-03_1.jpeg,/images/dms-extrusion-photos/sp-2320-03-1.jpeg
/images/dms-extrusion-photos/СП 2320-04_1.jpeg,/images/dms-extrusion-photos/sp-2320-04-1.jpeg
/images/dms-extrusion-photos/СП 2320-05_1.jpeg,/images/dms-extrusion-photos/sp-2320-05-1.jpeg
/images/dms-extrusion-photos/СП 2320-06_1.jpeg,/images/dms-extrusion-photos/sp-2320-06-1.jpeg
/images/dms-extrusion-photos/СП 2320-07_1.jpeg,/images/dms-extrusion-photos/sp-2320-07-1.jpeg
/images/dms-extrusion-photos/СП 2320-09_1.jpeg,/images/dms-extrusion-photos/sp-2320-09-1.jpeg
/images/dms-extrusion-photos/СП 2320_1.jpeg,/images/dms-extrusion-photos/sp-2320-1.jpeg
/images/dms-extrusion-photos/СП 2321-01_1.jpeg,/images/dms-extrusion-photos/sp-2321-01-1.jpeg
/images/dms-extrusion-photos/СП 2321-02_1.jpeg,/images/dms-extrusion-photos/sp-2321-02-1.jpeg
/images/dms-extrusion-photos/СП 2321-03_1.jpeg,/images/dms-extrusion-photos/sp-2321-03-1.jpeg
/images/dms-extrusion-photos/СП 2321-04_1.jpeg,/images/dms-extrusion-photos/sp-2321-04-1.jpeg
/images/dms-extrusion-photos/СП 2488_1.jpeg,/images/dms-extrusion-photos/sp-2488-1.jpeg
/images/dms-extrusion-photos/СП 2516_1.jpeg,/images/dms-extrusion-photos/sp-2516-1.jpeg
/images/dms-extrusion-photos/СП 2900_1.jpeg,/images/dms-extrusion-photos/sp-2900-1.jpeg
/images/dms-extrusion-photos/СП 2974_1.jpeg,/images/dms-extrusion-photos/sp-2974-1.jpeg
/images/dms-extrusion-photos/СП АЗЛК -248_1.jpeg,/images/dms-extrusion-photos/sp-azlk-248-1.jpeg
/images/dms-extrusion-photos/СП Г-03_1.jpeg,/images/dms-extrusion-photos/sp-g-03-1.jpeg
/images/dms-extrusion-photos/СП Г-08_1.jpeg,/images/dms-extrusion-photos/sp-g-08-1.jpeg
"/images/dms-extrusion-photos/СП ГЛ-860,860А,860Б,860В_1.jpeg",/images/dms-extrusion-photos/sp-gl-860-860a-860b-860v-1.jpeg
/images/dms-extrusion-photos/СП ИМ-03_1.jpeg,/images/dms-extrusion-photos/sp-im-03-1.jpeg
/images/dms-extrusion-photos/СП КА-30_1.jpeg,/images/dms-extrusion-photos/sp-ka-30-1.jpeg
/images/dms-extrusion-photos/СП КА-523_1.jpeg,/images/dms-extrusion-photos/sp-ka-523-1.jpeg
/images/dms-extrusion-photos/СП КА-524_1.jpeg,/images/dms-extrusion-photos/sp-ka-524-1.jpeg
/images/dms-extrusion-photos/СП МКП-01_1.jpeg,/images/dms-extrusion-photos/sp-mkp-01-1.jpeg
/images/dms-extrusion-photos/СП РЛ-232_1.jpeg,/images/dms-extrusion-photos/sp-rl-232-1.jpeg
"/images/dms-extrusion-photos/СП РУС-02А, 02Б_1.jpeg",/images/dms-extrusion-photos/sp-rus-02a-02b-1.jpeg
"/images/dms-extrusion-photos/СП РУС-03-2(А, 2(Б_1.jpeg",/images/dms-extrusion-photos/sp-rus-03-2-a-2-b-1.jpeg
/images/dms-extrusion-photos/СП РУС-03_1.jpeg,/images/dms-extrusion-photos/sp-rus-03-1.jpeg
"/images/dms-extrusion-photos/СП РУС-04А, 04Б_1.jpeg",/images/dms-extrusion-photos/sp-rus-04a-04b-1.jpeg
/images/dms-extrusion-photos/СП РУС-108_1.jpeg,/images/dms-extrusion-photos/sp-rus-108-1.jpeg
/images/dms-extrusion-photos/СП РУС-12_1.jpeg,/images/dms-extrusion-photos/sp-rus-12-1.jpeg
/images/dms-extrusion-photos/СП РУС-24_1.jpeg,/images/dms-extrusion-photos/sp-rus-24-1.jpeg
"/images/dms-extrusion-photos/СП РУС-31, 31А, 31Б, 31В_1.jpeg",/images/dms-extrusion-photos/sp-rus-31-31a-31b-31v-1.jpeg
/images/dms-extrusion-photos/СП РУС-33_1.jpeg,/images/dms-extrusion-photos/sp-rus-33-1.jpeg
/images/dms-extrusion-photos/СП РУС-42_1.jpeg,/images/dms-extrusion-photos/sp-rus-42-1.jpeg
/images/dms-extrusion-photos/СП УАЗ-02_1.jpeg,/images/dms-extrusion-photos/sp-uaz-02-1.jpeg
/images/dms-extrusion-photos/СП Ф-08Б_1.jpeg,/images/dms-extrusion-photos/sp-f-08b-1.jpeg
/images/dms-extrusion-photos/СП Ф-104_1.jpeg,/images/dms-extrusion-photos/sp-f-104-1.jpeg
/images/dms-extrusion-photos/СП Ф-10Б_1.jpeg,/images/dms-extrusion-photos/sp-f-10b-1.jpeg
/images/dms-extrusion-photos/СП Ф-11_1.jpeg,/images/dms-extrusion-photos/sp-f-11-1.jpeg
/images/dms-extrusion-photos/СП Ф-123_1.jpeg,/images/dms-extrusion-photos/sp-f-123-1.jpeg
"/images/dms-extrusion-photos/СП Ф-124Л, Ф-124К_1.jpeg",/images/dms-extrusion-photos/sp-f-124l-f-124k-1.jpeg
"/images/dms-extrusion-photos/СП Ф-138, 142_1.jpeg",/images/dms-extrusion-photos/sp-f-138-142-1.jpeg
/images/dms-extrusion-photos/СП Ф-154И_1.jpeg,/images/dms-extrusion-photos/sp-f-154i-1.jpeg
/images/dms-extrusion-photos/СП Ф-181_1.jpeg,/images/dms-extrusion-photos/sp-f-181-1.jpeg
/images/dms-extrusion-photos/СП Ф-182_1.jpeg,/images/dms-extrusion-photos/sp-f-182-1.jpeg
/images/dms-extrusion-photos/СП Ф-183_1.jpeg,/images/dms-extrusion-photos/sp-f-183-1.jpeg
/images/dms-extrusion-photos/СП Ф-184_1.jpeg,/images/dms-extrusion-photos/sp-f-184-1.jpeg
/images/dms-extrusion-photos/СП Ф-185_1.jpeg,/images/dms-extrusion-photos/sp-f-185-1.jpeg
/images/dms-extrusion-photos/СП Ф-186_1.jpeg,/images/dms-extrusion-photos/sp-f-186-1.jpeg
/images/dms-extrusion-photos/СП Ф-187_1.jpeg,/images/dms-extrusion-photos/sp-f-187-1.jpeg
/images/dms-extrusion-photos/СП Ф-190_1.jpeg,/images/dms-extrusion-photos/sp-f-190-1.jpeg
/images/dms-extrusion-photos/СП Ф-225_1.jpeg,/images/dms-extrusion-photos/sp-f-225-1.jpeg
/images/dms-extrusion-photos/СП Ф-22_1.jpeg,/images/dms-extrusion-photos/sp-f-22-1.jpeg
/images/dms-extrusion-photos/СП Ф-23_1.jpeg,/images/dms-extrusion-photos/sp-f-23-1.jpeg
/images/dms-extrusion-photos/СП Ф-29В_1.jpeg,/images/dms-extrusion-photos/sp-f-29v-1.jpeg
/images/dms-extrusion-photos/СП Ф-30_1.jpeg,/images/dms-extrusion-photos/sp-f-30-1.jpeg
/images/dms-extrusion-photos/СП Ф-31_1.jpeg,/images/dms-extrusion-photos/sp-f-31-1.jpeg
/images/dms-injection-photos/logo123.png,/images/dms-injection-photos/logo123.png
/images/dms-injection-photos/СП  КА-283_1.jpeg,/images/dms-injection-photos/sp-ka-283-1.jpeg
/images/dms-injection-photos/СП  КА-288А_1.jpeg,/images/dms-injection-photos/sp-ka-288a-1.jpeg
/images/dms-injection-photos/СП  КА-564_1.jpeg,/images/dms-injection-photos/sp-ka-564-1.jpeg
/images/dms-injection-photos/СП  КА-565_1.jpeg,/images/dms-injection-photos/sp-ka-565-1.jpeg
/images/dms-injection-photos/СП  Ф-226 1(2_1.jpeg,/images/dms-injection-photos/sp-f-226-1-2-1.jpeg
/images/dms-injection-photos/СП КА-02_1.jpeg,/images/dms-injection-photos/sp-ka-02-1.jpeg
/images/dms-injection-photos/СП КА-10А_1.jpeg,/images/dms-injection-photos/sp-ka-10a-1.jpeg
/images/dms-injection-photos/СП КА-122_1.jpeg,/images/dms-injection-photos/sp-ka-122-1.jpeg
/images/dms-injection-photos/СП КА-123_1.jpeg,/images/dms-injection-photos/sp-ka-123-1.jpeg
/images/dms-injection-photos/СП КА-124_1.jpeg,/images/dms-injection-photos/sp-ka-124-1.jpeg
/images/dms-injection-photos/СП КА-128_1.jpeg,/images/dms-injection-photos/sp-ka-128-1.jpeg
/images/dms-injection-photos/СП КА-132_1.jpeg,/images/dms-injection-photos/sp-ka-132-1.jpeg
/images/dms-injection-photos/СП КА-133А_1.jpeg,/images/dms-injection-photos/sp-ka-133a-1.jpeg
/images/dms-injection-photos/СП КА-134_1.jpeg,/images/dms-injection-photos/sp-ka-134-1.jpeg
/images/dms-injection-photos/СП КА-19_1.jpeg,/images/dms-injection-photos/sp-ka-19-1.jpeg
/images/dms-injection-photos/СП КА-23_1.jpeg,/images/dms-injection-photos/sp-ka-23-1.jpeg
/images/dms-injection-photos/СП КА-25Б_1.jpeg,/images/dms-injection-photos/sp-ka-25b-1.jpeg
/images/dms-injection-photos/СП КА-27Б_1.jpeg,/images/dms-injection-photos/sp-ka-27b-1.jpeg
/images/dms-injection-photos/СП КА-280А_1.jpeg,/images/dms-injection-photos/sp-ka-280a-1.jpeg
/images/dms-injection-photos/СП КА-281А_1.jpeg,/images/dms-injection-photos/sp-ka-281a-1.jpeg
/images/dms-injection-photos/СП КА-282А_1.jpeg,/images/dms-injection-photos/sp-ka-282a-1.jpeg
/images/dms-injection-photos/СП КА-284_1.jpeg,/images/dms-injection-photos/sp-ka-284-1.jpeg
/images/dms-injection-photos/СП КА-285_1.jpeg,/images/dms-injection-photos/sp-ka-285-1.jpeg
/images/dms-injection-photos/СП КА-286А_1.jpeg,/images/dms-injection-photos/sp-ka-286a-1.jpeg
/images/dms-injection-photos/СП КА-287А_1.jpeg,/images/dms-injection-photos/sp-ka-287a-1.jpeg
/images/dms-injection-photos/СП КА-28Б_1.jpeg,/images/dms-injection-photos/sp-ka-28b-1.jpeg
/images/dms-injection-photos/СП КА-345А_1.jpeg,/images/dms-injection-photos/sp-ka-345a-1.jpeg
/images/dms-injection-photos/СП КА-346_1.jpeg,/images/dms-injection-photos/sp-ka-346-1.jpeg
"/images/dms-injection-photos/СП КА-37,38_1.jpeg",/images/dms-injection-photos/sp-ka-37-38-1.jpeg
/images/dms-injection-photos/СП КА-39А_1.jpeg,/images/dms-injection-photos/sp-ka-39a-1.jpeg
/images/dms-injection-photos/СП КА-43_1.jpeg,/images/dms-injection-photos/sp-ka-43-1.jpeg
/images/dms-injection-photos/СП КА-44_1.jpeg,/images/dms-injection-photos/sp-ka-44-1.jpeg
/images/dms-injection-photos/СП КА-46А_1.jpeg,/images/dms-injection-photos/sp-ka-46a-1.jpeg
/images/dms-injection-photos/СП КА-50А_1.jpeg,/images/dms-injection-photos/sp-ka-50a-1.jpeg
/images/dms-injection-photos/СП КА-51_1.jpeg,/images/dms-injection-photos/sp-ka-51-1.jpeg
/images/dms-injection-photos/СП КА-53_1.jpeg,/images/dms-injection-photos/sp-ka-53-1.jpeg
/images/dms-injection-photos/СП КА-54А_1.jpeg,/images/dms-injection-photos/sp-ka-54a-1.jpeg
/images/dms-injection-photos/СП КА-551Б_1.jpeg,/images/dms-injection-photos/sp-ka-551b-1.jpeg
/images/dms-injection-photos/СП КА-552_1.jpeg,/images/dms-injection-photos/sp-ka-552-1.jpeg
/images/dms-injection-photos/СП КА-553_1.jpeg,/images/dms-injection-photos/sp-ka-553-1.jpeg
/images/dms-injection-photos/СП КА-554А_1.jpeg,/images/dms-injection-photos/sp-ka-554a-1.jpeg
/images/dms-injection-photos/СП КА-555_1.jpeg,/images/dms-injection-photos/sp-ka-555-1.jpeg
/images/dms-injection-photos/СП КА-55_1.jpeg,/images/dms-injection-photos/sp-ka-55-1.jpeg
/images/dms-injection-photos/СП КА-560_1.jpeg,/images/dms-injection-photos/sp-ka-560-1.jpeg
/images/dms-injection-photos/СП КА-561_1.jpeg,/images/dms-injection-photos/sp-ka-561-1.jpeg
/images/dms-injection-photos/СП КА-562_1.jpeg,/images/dms-injection-photos/sp-ka-562-1.jpeg
/images/dms-injection-photos/СП КА-568_1.jpeg,/images/dms-injection-photos/sp-ka-568-1.jpeg
/images/dms-injection-photos/СП КА-568А_1.jpeg,/images/dms-injection-photos/sp-ka-568a-1.jpeg
/images/dms-injection-photos/СП КА-56Р_1.jpeg,/images/dms-injection-photos/sp-ka-56r-1.jpeg
/images/dms-injection-photos/СП КА-572_1.jpeg,/images/dms-injection-photos/sp-ka-572-1.jpeg
/images/dms-injection-photos/СП КА-572А_1.jpeg,/images/dms-injection-photos/sp-ka-572a-1.jpeg
/images/dms-injection-photos/СП КА-583_1.jpeg,/images/dms-injection-photos/sp-ka-583-1.jpeg
/images/dms-injection-photos/СП КА-585_1.jpeg,/images/dms-injection-photos/sp-ka-585-1.jpeg
/images/dms-injection-photos/СП КА-586_1.jpeg,/images/dms-injection-photos/sp-ka-586-1.jpeg
/images/dms-injection-photos/СП КА-586А_1.jpeg,/images/dms-injection-photos/sp-ka-586a-1.jpeg
/images/dms-injection-photos/СП КА-589_1.jpeg,/images/dms-injection-photos/sp-ka-589-1.jpeg
/images/dms-injection-photos/СП КА-590_1.jpeg,/images/dms-injection-photos/sp-ka-590-1.jpeg
/images/dms-injection-photos/СП КА-603_1.jpeg,/images/dms-injection-photos/sp-ka-603-1.jpeg
/images/dms-injection-photos/СП КА-62А_1.jpeg,/images/dms-injection-photos/sp-ka-62a-1.jpeg
/images/dms-injection-photos/СП КА-65_1.jpeg,/images/dms-injection-photos/sp-ka-65-1.jpeg
/images/dms-injection-photos/СП КА-70_1.jpeg,/images/dms-injection-photos/sp-ka-70-1.jpeg
/images/dms-injection-photos/СП КА-80_1.jpeg,/images/dms-injection-photos/sp-ka-80-1.jpeg
/images/dms-injection-photos/СП КА-83А_1.jpeg,/images/dms-injection-photos/sp-ka-83a-1.jpeg
/images/dms-injection-photos/СП КА-89_1.jpeg,/images/dms-injection-photos/sp-ka-89-1.jpeg
/images/dms-injection-photos/СП КА-96_1.jpeg,/images/dms-injection-photos/sp-ka-96-1.jpeg
/images/dms-injection-photos/СП ММЗ-10_1.jpeg,/images/dms-injection-photos/sp-mmz-10-1.jpeg
/images/extrusion/logo123.jpg,/images/extrusion/logo123.jpg
"/images/extrusion/СП 2147-04,06_1.jpg",/images/extrusion/sp-2147-04-06-1.jpg
/images/extrusion/СП 2148-03_1.jpg,/images/extrusion/sp-2148-03-1.jpg
/images/extrusion/СП 2158-02_1.jpg,/images/extrusion/sp-2158-02-1.jpg
/images/extrusion/СП 2158_1 — копия.jpg,/images/extrusion/sp-2158-1-kopiya.jpg
/images/extrusion/СП 2158_1.jpg,/images/extrusion/sp-2158-1.jpg
/images/extrusion/СП 2187_1.jpg,/images/extrusion/sp-2187-1.jpg
/images/extrusion/СП 2320-01_1.jpg,/images/extrusion/sp-2320-01-1.jpg
/images/extrusion/СП 2320-02_1.jpg,/images/extrusion/sp-2320-02-1.jpg
/images/extrusion/СП 2320-03_1.jpg,/images/extrusion/sp-2320-03-1.jpg
/images/extrusion/СП 2320-04_1.jpg,/images/extrusion/sp-2320-04-1.jpg
/images/extrusion/СП 2320-05_1.jpg,/images/extrusion/sp-2320-05-1.jpg
/images/extrusion/СП 2320-06_1.jpg,/images/extrusion/sp-2320-06-1.jpg
/images/extrusion/СП 2320-07_1.jpg,/images/extrusion/sp-2320-07-1.jpg
/images/extrusion/СП 2320-09_1.jpg,/images/extrusion/sp-2320-09-1.jpg
/images/extrusion/СП 2320_1.jpg,/images/extrusion/sp-2320-1.jpg
/images/extrusion/СП 2321-01_1.jpg,/images/extrusion/sp-2321-01-1.jpg
/images/extrusion/СП 2321-02_1.jpg,/images/extrusion/sp-2321-02-1.jpg
/images/extrusion/СП 2321-03_1.jpg,/images/extrusion/sp-2321-03-1.jpg
/images/extrusion/СП 2321-04_1.jpg,/images/extrusion/sp-2321-04-1.jpg
/images/extrusion/СП 2488_1.jpg,/images/extrusion/sp-2488-1.jpg
/images/extrusion/СП 2516_1.jpg,/images/extrusion/sp-2516-1.jpg
/images/extrusion/СП 2900_1.jpg,/images/extrusion/sp-2900-1.jpg
/images/extrusion/СП 2974_1.jpg,/images/extrusion/sp-2974-1.jpg
/images/extrusion/СП АЗЛК -248_1.jpg,/images/extrusion/sp-azlk-248-1.jpg
/images/extrusion/СП Г-03_1.jpg,/images/extrusion/sp-g-03-1.jpg
/images/extrusion/СП Г-08_1.jpg,/images/extrusion/sp-g-08-1.jpg
"/images/extrusion/СП ГЛ-860,860А,860Б,860В_1.jpg",/images/extrusion/sp-gl-860-860a-860b-860v-1.jpg
/images/extrusion/СП ИМ-03_1.jpg,/images/extrusion/sp-im-03-1.jpg
/images/extrusion/СП КА-30_1.jpg,/images/extrusion/sp-ka-30-1.jpg
/images/extrusion/СП КА-523_1.jpg,/images/extrusion/sp-ka-523-1.jpg
/images/extrusion/СП КА-524_1.jpg,/images/extrusion/sp-ka-524-1.jpg
/images/extrusion/СП МКП-01_1.jpg,/images/extrusion/sp-mkp-01-1.jpg
/images/extrusion/СП РЛ-232_1.jpg,/images/extrusion/sp-rl-232-1.jpg
"/images/extrusion/СП РУС-02А, 02Б_1.jpg",/images/extrusion/sp-rus-02a-02b-1.jpg
"/images/extrusion/СП РУС-03-2(А, 2(Б_1.jpg",/images/extrusion/sp-rus-03-2-a-2-b-1.jpg
/images/extrusion/СП РУС-03_1.jpg,/images/extrusion/sp-rus-03-1.jpg
"/images/extrusion/СП РУС-04А, 04Б_1.jpg",/images/extrusion/sp-rus-04a-04b-1.jpg
/images/extrusion/СП РУС-108_1.jpg,/images/extrusion/sp-rus-108-1.jpg
/images/extrusion/СП РУС-12_1.jpg,/images/extrusion/sp-rus-12-1.jpg
/images/extrusion/СП РУС-24_1.jpg,/images/extrusion/sp-rus-24-1.jpg
"/images/extrusion/СП РУС-31, 31А, 31Б, 31В_1.jpg",/images/extrusion/sp-rus-31-31a-31b-31v-1.jpg
/images/extrusion/СП РУС-33_1.jpg,/images/extrusion/sp-rus-33-1.jpg
/images/extrusion/СП РУС-42_1.jpg,/images/extrusion/sp-rus-42-1.jpg
/images/extrusion/СП УАЗ-02_1.jpg,/images/extrusion/sp-uaz-02-1.jpg
/images/extrusion/СП Ф-08Б_1.jpg,/images/extrusion/sp-f-08b-1.jpg
/images/extrusion/СП Ф-104_1.jpg,/images/extrusion/sp-f-104-1.jpg
/images/extrusion/СП Ф-10Б_1.jpg,/images/extrusion/sp-f-10b-1.jpg
/images/extrusion/СП Ф-11_1.jpg,/images/extrusion/sp-f-11-1.jpg
/images/extrusion/СП Ф-123_1.jpg,/images/extrusion/sp-f-123-1.jpg
"/images/extrusion/СП Ф-124Л, Ф-124К_1.jpg",/images/extrusion/sp-f-124l-f-124k-1.jpg
"/images/extrusion/СП Ф-138, 142_1.jpg",/images/extrusion/sp-f-138-142-1.jpg
/images/extrusion/СП Ф-154И_1.jpg,/images/extrusion/sp-f-154i-1.jpg
/images/extrusion/СП Ф-181_1.jpg,/images/extrusion/sp-f-181-1.jpg
/images/extrusion/СП Ф-182_1.jpg,/images/extrusion/sp-f-182-1.jpg
/images/extrusion/СП Ф-183_1.jpg,/images/extrusion/sp-f-183-1.jpg
/images/extrusion/СП Ф-184_1.jpg,/images/extrusion/sp-f-184-1.jpg
/images/extrusion/СП Ф-185_1.jpg,/images/extrusion/sp-f-185-1.jpg
/images/extrusion/СП Ф-186_1.jpg,/images/extrusion/sp-f-186-1.jpg
/images/extrusion/СП Ф-187_1.jpg,/images/extrusion/sp-f-187-1.jpg
/images/extrusion/СП Ф-190_1.jpg,/images/extrusion/sp-f-190-1.jpg
/images/extrusion/СП Ф-225_1.jpg,/images/extrusion/sp-f-225-1.jpg
/images/extrusion/СП Ф-22_1.jpg,/images/extrusion/sp-f-22-1.jpg
/images/extrusion/СП Ф-23_1.jpg,/images/extrusion/sp-f-23-1.jpg
/images/extrusion/СП Ф-29В_1.jpg,/images/extrusion/sp-f-29v-1.jpg
/images/extrusion/СП Ф-30_1.jpg,/images/extrusion/sp-f-30-1.jpg
/images/extrusion/СП Ф-31_1.jpg,/images/extrusion/sp-f-31-1.jpg
/images/factory-1.jpg,/images/factory-1.jpg
/images/factory-2.jpg,/images/factory-2.jpg
/images/factory-3.jpg,/images/factory-3.jpg
/images/history/history-hero.jpeg,/images/history/history-hero.jpeg
/images/history/period-1959-1992.jpeg,/images/history/period-1959-1992.jpeg
/images/history/period-2001-2009.jpeg,/images/history/period-2001-2009.jpeg
/images/history/period-2010-2014.jpeg,/images/history/period-2010-2014.jpeg
/images/history/period-2019-present.jpeg,/images/history/period-2019-present.jpeg
/images/hoztov_main.png,/images/hoztov-main.png
/images/kors_bentol_main.png,/images/kors-bentol-main.png
/images/litev/logo123.jpg,/images/litev/logo123.jpg
/images/litev/СП  КА-283_1.jpg,/images/litev/sp-ka-283-1.jpg
/images/litev/СП  КА-288А_1.jpg,/images/litev/sp-ka-288a-1.jpg
/images/litev/СП  КА-564_1.jpg,/images/litev/sp-ka-564-1.jpg
/images/litev/СП  КА-565_1.jpg,/images/litev/sp-ka-565-1.jpg
/images/litev/СП  Ф-226 1(2_1.jpg,/images/litev/sp-f-226-1-2-1.jpg
/images/litev/СП КА-02_1.jpg,/images/litev/sp-ka-02-1.jpg
/images/litev/СП КА-10А_1.jpg,/images/litev/sp-ka-10a-1.jpg
/images/litev/СП КА-122_1.jpg,/images/litev/sp-ka-122-1.jpg
/images/litev/СП КА-123_1.jpg,/images/litev/sp-ka-123-1.jpg
/images/litev/СП КА-124_1.jpg,/images/litev/sp-ka-124-1.jpg
/images/litev/СП КА-128_1.jpg,/images/litev/sp-ka-128-1.jpg
/images/litev/СП КА-132_1.jpg,/images/litev/sp-ka-132-1.jpg
/images/litev/СП КА-133А_1.jpg,/images/litev/sp-ka-133a-1.jpg
/images/litev/СП КА-134_1.jpg,/images/litev/sp-ka-134-1.jpg
/images/litev/СП КА-19_1.jpg,/images/litev/sp-ka-19-1.jpg
/images/litev/СП КА-23_1.jpg,/images/litev/sp-ka-23-1.jpg
/images/litev/СП КА-25Б_1.jpg,/images/litev/sp-ka-25b-1.jpg
/images/litev/СП КА-27Б_1.jpg,/images/litev/sp-ka-27b-1.jpg
/images/litev/СП КА-280А_1.jpg,/images/litev/sp-ka-280a-1.jpg
/images/litev/СП КА-281А_1.jpg,/images/litev/sp-ka-281a-1.jpg
/images/litev/СП КА-282А_1.jpg,/images/litev/sp-ka-282a-1.jpg
/images/litev/СП КА-284_1.jpg,/images/litev/sp-ka-284-1.jpg
/images/litev/СП КА-285_1.jpg,/images/litev/sp-ka-285-1.jpg
/images/litev/СП КА-286А_1.jpg,/images/litev/sp-ka-286a-1.jpg
/images/litev/СП КА-287А_1.jpg,/images/litev/sp-ka-287a-1.jpg
/images/litev/СП КА-28Б_1.jpg,/images/litev/sp-ka-28b-1.jpg
/images/litev/СП КА-345А_1.jpg,/images/litev/sp-ka-345a-1.jpg
/images/litev/СП КА-346_1.jpg,/images/litev/sp-ka-346-1.jpg
"/images/litev/СП КА-37,38_1.jpg",/images/litev/sp-ka-37-38-1.jpg
/images/litev/СП КА-39А_1.jpg,/images/litev/sp-ka-39a-1.jpg
/images/litev/СП КА-43_1.jpg,/images/litev/sp-ka-43-1.jpg
/images/litev/СП КА-44_1.jpg,/images/litev/sp-ka-44-1.jpg
/images/litev/СП КА-46А_1.jpg,/images/litev/sp-ka-46a-1.jpg
/images/litev/СП КА-50А_1.jpg,/images/litev/sp-ka-50a-1.jpg
/images/litev/СП КА-51_1.jpg,/images/litev/sp-ka-51-1.jpg
/images/litev/СП КА-53_1.jpg,/images/litev/sp-ka-53-1.jpg
/images/litev/СП КА-54А_1.jpg,/images/litev/sp-ka-54a-1.jpg
/images/litev/СП КА-551Б_1.jpg,/images/litev/sp-ka-551b-1.jpg
/images/litev/СП КА-552_1.jpg,/images/litev/sp-ka-552-1.jpg
/images/litev/СП КА-553_1.jpg,/images/litev/sp-ka-553-1.jpg
/images/litev/СП КА-554А_1.jpg,/images/litev/sp-ka-554a-1.jpg
/images/litev/СП КА-555_1.jpg,/images/litev/sp-ka-555-1.jpg
/images/litev/СП КА-55_1.jpg,/images/litev/sp-ka-55-1.jpg
/images/litev/СП КА-560_1.jpg,/images/litev/sp-ka-560-1.jpg
/images/litev/СП КА-561_1.jpg,/images/litev/sp-ka-561-1.jpg
/images/litev/СП КА-562_1.jpg,/images/litev/sp-ka-562-1.jpg
/images/litev/СП КА-568_1.jpg,/images/litev/sp-ka-568-1.jpg
/images/litev/СП КА-568А_1.jpg,/images/litev/sp-ka-568a-1.jpg
/images/litev/СП КА-56Р_1.jpg,/images/litev/sp-ka-56r-1.jpg
/images/litev/СП КА-572_1.jpg,/images/litev/sp-ka-572-1.jpg
/images/litev/СП КА-572А_1.jpg,/images/litev/sp-ka-572a-1.jpg
/images/litev/СП КА-583_1.jpg,/images/litev/sp-ka-583-1.jpg
/images/litev/СП КА-585_1.jpg,/images/litev/sp-ka-585-1.jpg
/images/litev/СП КА-586_1.jpg,/images/litev/sp-ka-586-1.jpg
/images/litev/СП КА-586А_1.jpg,/images/litev/sp-ka-586a-1.jpg
/images/litev/СП КА-589_1.jpg,/images/litev/sp-ka-589-1.jpg
/images/litev/СП КА-590_1.jpg,/images/litev/sp-ka-590-1.jpg
/images/litev/СП КА-603_1.jpg,/images/litev/sp-ka-603-1.jpg
/images/litev/СП КА-62А_1.jpg,/images/litev/sp-ka-62a-1.jpg
/images/litev/СП КА-65_1.jpg,/images/litev/sp-ka-65-1.jpg
/images/litev/СП КА-70_1.jpg,/images/litev/sp-ka-70-1.jpg
/images/litev/СП КА-80_1.jpg,/images/litev/sp-ka-80-1.jpg
/images/litev/СП КА-83А_1.jpg,/images/litev/sp-ka-83a-1.jpg
/images/litev/СП КА-89_1.jpg,/images/litev/sp-ka-89-1.jpg
/images/litev/СП КА-96_1.jpg,/images/litev/sp-ka-96-1.jpg
/images/litev/СП ММЗ-10_1.jpg,/images/litev/sp-mmz-10-1.jpg
/images/litmain.jpeg,/images/litmain.jpeg
/images/logo.png,/images/logo.png
/images/logo1.png,/images/logo1.png
/images/logo12.png,/images/logo12.png
/images/logo123.jpg,/images/logo123.jpg
/images/logo123.png,/images/logo123.png
/images/machine_main.png,/images/machine-main.png
/images/partners/GAZ-Logo.png,/images/partners/gaz-logo.png
/images/partners/abr-logo.png,/images/partners/abr-logo.png
/images/partners/gazprom-logo.png,/images/partners/gazprom-logo.png
/images/partners/kamaz-logo.png,/images/partners/kamaz-logo.png
/images/partners/lada-logo.png,/images/partners/lada-logo.png
/images/partners/roshim-logo.png,/images/partners/roshim-logo.png
/images/partners/sibur-logo.png,/images/partners/sibur-logo.png
/images/partners/vtb-bank.png,/images/partners/vtb-bank.png
/images/partners/yaz-logo.png,/images/partners/yaz-logo.png
/images/pasf/certificate.png,/images/pasf/certificate.png
/images/pasf/emergency-banner.png,/images/pasf/emergency-banner.png
/images/pasf/fire-truck.png,/images/pasf/fire-truck.png
/images/pasf/license.png,/images/pasf/license.png
/images/pasf/response-team.png,/images/pasf/response-team.png
/images/pasf/team.png,/images/pasf/team.png
/images/pasf/training.png,/images/pasf/training.png
/images/polist_main.png,/images/polist-main.png
/images/polystyrene-granules-1.png,/images/polystyrene-granules-1.png
/images/polystyrene-granules-2.png,/images/polystyrene-granules-2.png
/images/polystyrene-granules-3.jpeg,/images/polystyrene-granules-3.jpeg
/images/polystyrene-pse-card.png,/images/polystyrene-pse-card.png
/images/polystyrene-psv-l-card.png,/images/polystyrene-psv-l-card.png
/images/polystyrene-psv-s-card.png,/images/polystyrene-psv-s-card.png
/images/polystyrene-warehouse.png,/images/polystyrene-warehouse.png
/images/psv/psv-s-1.jpeg,/images/psv/psv-s-1.jpeg
/images/psv/psv-s-2.jpeg,/images/psv/psv-s-2.jpeg
/images/psv/psv-s-3.jpeg,/images/psv/psv-s-3.jpeg
/images/psv/psv-s-4.jpeg,/images/psv/psv-s-4.jpeg
/images/psv/psv-s-5.jpeg,/images/psv/psv-s-5.jpeg
/images/psv/ПСВ-С 1 марка_2.jpeg,/images/psv/psv-s-1-marka-2.jpeg
/images/psv/ПСВ-С 2 марка_2.jpeg,/images/psv/psv-s-2-marka-2.jpeg
/images/psv/ПСВ-С 3 марка_2.jpeg,/images/psv/psv-s-3-marka-2.jpeg
/images/psv/ПСВ-С 4 марка_2.jpeg,/images/psv/psv-s-4-marka-2.jpeg
/images/psv/ПСВ-С 5 марка_2.jpeg,/images/psv/psv-s-5-marka-2.jpeg
/images/styrol1.png,/images/styrol1.png
/images/styrolmain.png,/images/styrolmain.png
/images/vedro10ll.jpeg,/images/vedro10ll.jpeg
/images/world-map.svg,/images/world-map.svg
/images/xoztov/box.jpeg,/images/xoztov/box.jpeg
/images/xoztov/box2.jpeg,/images/xoztov/box2.jpeg
/images/xoztov/kanistra.jpeg,/images/xoztov/kanistra.jpeg
/images/xoztov/kanistra1.jpeg,/images/xoztov/kanistra1.jpeg
/images/xoztov/taz-10l.jpeg,/images/xoztov/taz-10l.jpeg
/images/xoztov/taz-10l1.jpeg,/images/xoztov/taz-10l1.jpeg
/images/xoztov/taz-15l.jpeg,/images/xoztov/taz-15l.jpeg
/images/xoztov/taz-15l1.jpeg,/images/xoztov/taz-15l1.jpeg
/images/xoztov/vedra_main.jpeg,/images/xoztov/vedra-main.jpeg
/images/xoztov/vedro-10l.jpeg,/images/xoztov/vedro-10l.jpeg
/images/xoztov/vedro-10l1.jpeg,/images/xoztov/vedro-10l1.jpeg
/images/xoztov/vedro-25l.jpeg,/images/xoztov/vedro-25l.jpeg
/images/xoztov/vedro-25l1.jpeg,/images/xoztov/vedro-25l1.jpeg
/images/xoztov/vedro-5l.jpeg,/images/xoztov/vedro-5l.jpeg
/images/xoztov/vedro-5l1.jpeg,/images/xoztov/vedro-5l1.jpeg
/images/xoztov/vedro-7l.jpeg,/images/xoztov/vedro-7l.jpeg
/images/xoztov/vedro-7l1.jpeg,/images/xoztov/vedro-7l1.jpeg
/images/xoztov/vedro-base-95l.jpeg,/images/xoztov/vedro-base-95l.jpeg
/images/xoztov/vedro-base-95l1.jpeg,/images/xoztov/vedro-base-95l1.jpeg
/images/xoztov/П1611.jpg,/images/xoztov/p1611.jpg
/images/xoztov/П1802.jpg,/images/xoztov/p1802.jpg
/images/xoztov/П1834.jpg,/images/xoztov/p1834.jpg
/images/xoztov/П1838.jpg,/images/xoztov/p1838.jpg
/images/xoztov/П1881.jpg,/images/xoztov/p1881.jpg
/images/xoztov/П1889.jpg,/images/xoztov/p1889.jpg
/images/xoztov/П1896.jpg,/images/xoztov/p1896.jpg
/images/xoztov/П1916.jpg,/images/xoztov/p1916.jpg
/images/xoztov/П2040.jpg,/images/xoztov/p2040.jpg
/images/xoztov/П2049.jpg,/images/xoztov/p2049.jpg
/images/xoztov/П2061.jpg,/images/xoztov/p2061.jpg
/images/xoztov/П2093.jpg,/images/xoztov/p2093.jpg
/images/xoztov/П2154.jpg,/images/xoztov/p2154.jpg
/images/xoztov/П2168.jpg,/images/xoztov/p2168.jpg
/images/xoztov/П2171.jpg,/images/xoztov/p2171.jpg
/images/xoztov/П2172.jpg,/images/xoztov/p2172.jpg
/images/xoztov/П2701.jpg,/images/xoztov/p2701.jpg
/images/xoztov/П2703.jpg,/images/xoztov/p2703.jpg
/images/xoztov/П2704.jpg,/images/xoztov/p2704.jpg
/images/xoztov/П2705.jpg,/images/xoztov/p2705.jpg
/images/xoztov/П2706.jpg,/images/xoztov/p2706.jpg
/images/xoztov/П2707.jpg,/images/xoztov/p2707.jpg
/images/xoztov/П2708.jpg,/images/xoztov/p2708.jpg
/images/xoztov/П2709.jpg,/images/xoztov/p2709.jpg
/images/xoztov/П2710.jpg,/images/xoztov/p2710.jpg
/images/xoztov/П2711.jpg,/images/xoztov/p2711.jpg
/images/xoztov/П2713.jpg,/images/xoztov/p2713.jpg
/images/xoztov/П2714.jpg,/images/xoztov/p2714.jpg
/images/xoztov/П2715.jpg,/images/xoztov/p2715.jpg
/images/xoztov/П2716.jpg,/images/xoztov/p2716.jpg
/images/xoztov/П2717.jpg,/images/xoztov/p2717.jpg
/images/xoztov/П2718.jpg,/images/xoztov/p2718.jpg
/images/xoztov/П2719.jpg,/images/xoztov/p2719.jpg
/images/xoztov/П2720.JPG,/images/xoztov/p2720.jpg
/images/xoztov/П2721.jpg,/images/xoztov/p2721.jpg
/images/xoztov/П494.jpg,/images/xoztov/p494.jpg
/images/xoztov/П494.png,/images/xoztov/p494.png
/images/xoztov/п2711.png,/images/xoztov/p2711.png
/injection-molding-machine-industrial.jpg,/injection-molding-machine-industrial.jpg
/iso-14001-certificate.png,/iso-14001-certificate.png
/iso-9001-certificate.png,/iso-9001-certificate.png
/locales/en.json,/locales/en.json
/locales/ru.json,/locales/ru.json
/lukoil-logo.jpg,/lukoil-logo.jpg
/placeholder-logo.png,/placeholder-logo.png
/placeholder-logo.svg,/placeholder-logo.svg
/placeholder-user.jpg,/placeholder-user.jpg
/placeholder.jpg,/placeholder.jpg
/placeholder.svg,/placeholder.svg
/polystyrene-granules-white.jpg,/polystyrene-granules-white.jpg
/robots.txt,/robots.txt
/stirol_main.png,/stirol-main.png
/uploads/news/1772621030974-sxvns7h.jpg,/uploads/news/1772621030974-sxvns7h.jpg
/uploads/products/1763095818619-jht5uqx.png,/uploads/products/1763095818619-jht5uqx.png
/uploads/products/1772362415117-ke3xym1.jpeg,/uploads/products/1772362415117-ke3xym1.jpeg
/videos/Prombezopasnost.pdf,/videos/prombezopasnost.pdf
/videos/abs-category.mp4,/videos/abs-category.mp4
/videos/abs-custom.mp4,/videos/abs-custom.mp4
/videos/abs-extrusion.mp4,/videos/abs-extrusion.mp4
/videos/abs-injection.mp4,/videos/abs-injection.mp4
/videos/bentolmain.mp4,/videos/bentolmain.mp4
/videos/frontpage.mp4,/videos/frontpage.mp4
/videos/frontpage2.mp4,/videos/frontpage2.mp4
/videos/frontpage4.mp4,/videos/frontpage4.mp4
/videos/mainload.mp4,/videos/mainload.mp4
/videos/mainlogo.mp4,/videos/mainlogo.mp4
/videos/polystyrene-category.mp4,/videos/polystyrene-category.mp4
/videos/polystyrene-pse-1.mp4,/videos/polystyrene-pse-1.mp4
/videos/polystyrene-psv-l.mp4,/videos/polystyrene-psv-l.mp4
/videos/polystyrene-psv-s.mp4,/videos/polystyrene-psv-s.mp4
/videos/stirolmain.mp4,/videos/stirolmain.mp4
/videos/xoztov.mp4,/videos/xoztov.mp4
/ПРЕВЬЮ/журнал пластика/2020-31М-818.jpeg,/prevyu/zhurnal-plastika/2020-31m-818.jpeg
/ПРЕВЬЮ/журнал пластика/АБС 1515-32-020.jpeg,/prevyu/zhurnal-plastika/abs-1515-32-020.jpeg
/ПРЕВЬЮ/журнал пластика/АБС 1525-31-024 (нужна только плашка из названияБ вторая для разницы цвета)CR3.jpeg,/prevyu/zhurnal-plastika/abs-1525-31-024-nuzhna-tolko-plashka-iz-nazvaniyab-vtoraya-dlya-raznitsy-tsveta-cr3.jpeg
/ПРЕВЬЮ/журнал пластика/АБС 1525-31-024 и АБС2525-31-012 (разделить на 2 фото)..jpeg,/prevyu/zhurnal-plastika/abs-1525-31-024-i-abs2525-31-012-razdelit-na-2-foto.jpeg
/ПРЕВЬЮ/журнал пластика/АБС 1525-31-503 и 504 (разница в цвете).jpeg,/prevyu/zhurnal-plastika/abs-1525-31-503-i-504-raznitsa-v-tsvete.jpeg
/ПРЕВЬЮ/журнал пластика/АБС 1525-31-503.jpeg,/prevyu/zhurnal-plastika/abs-1525-31-503.jpeg
/ПРЕВЬЮ/журнал пластика/АБС 1525-31-825.jpeg,/prevyu/zhurnal-plastika/abs-1525-31-825.jpeg
/ПРЕВЬЮ/журнал пластика/АБС 1525-31-904.jpeg,/prevyu/zhurnal-plastika/abs-1525-31-904.jpeg
/ПРЕВЬЮ/журнал пластика/АБС 1530М-31-906.jpeg,/prevyu/zhurnal-plastika/abs-1530m-31-906.jpeg
/ПРЕВЬЮ/журнал пластика/АБС 2020-31-891.jpeg,/prevyu/zhurnal-plastika/abs-2020-31-891.jpeg
/ПРЕВЬЮ/журнал пластика/АБС 2802-31-901.jpeg,/prevyu/zhurnal-plastika/abs-2802-31-901.jpeg
/ПРЕВЬЮ/журнал пластика/АБС 2806-31-831.jpeg,/prevyu/zhurnal-plastika/abs-2806-31-831.jpeg
/ПРЕВЬЮ/журнал пластика/АБС 2806-31-876.jpeg,/prevyu/zhurnal-plastika/abs-2806-31-876.jpeg
/ПРЕВЬЮ/журнал пластика/АБС-1525-31-8020.jpeg,/prevyu/zhurnal-plastika/abs-1525-31-8020.jpeg
/ПРЕВЬЮ/журнал пластика/АБС-2020-31-802.jpeg,/prevyu/zhurnal-plastika/abs-2020-31-802.jpeg
/ПРЕВЬЮ/журнал пластика/АБС-2020-31-804.jpeg,/prevyu/zhurnal-plastika/abs-2020-31-804.jpeg
/ПРЕВЬЮ/журнал пластика/АБС-2020-31-872.jpeg,/prevyu/zhurnal-plastika/abs-2020-31-872.jpeg
/ПРЕВЬЮ/журнал пластика/АБС-2020-31-н(о.jpeg,/prevyu/zhurnal-plastika/abs-2020-31-n-o.jpeg
/ПРЕВЬЮ/журнал пластика/АБС-2525-32-н(о.jpeg,/prevyu/zhurnal-plastika/abs-2525-32-n-o.jpeg
/ПРЕВЬЮ/журнал пластика/АБС1515-31-Н(О.jpeg,/prevyu/zhurnal-plastika/abs1515-31-n-o.jpeg
/ПРЕВЬЮ/журнал пластика/АБС1515-31-Н)О.jpeg,/prevyu/zhurnal-plastika/abs1515-31-n-o-2.jpeg
/ПРЕВЬЮ/журнал пластика/АБС1525-31-000.jpeg,/prevyu/zhurnal-plastika/abs1525-31-000.jpeg
/ПРЕВЬЮ/журнал пластика/АБС1530М-31-н(о.jpeg,/prevyu/zhurnal-plastika/abs1530m-31-n-o.jpeg
/ПРЕВЬЮ/журнал пластика/АБС2 020-31-002.jpeg,/prevyu/zhurnal-plastika/abs2-020-31-002.jpeg
/ПРЕВЬЮ/журнал пластика/АБС2020-31-001б и АБС1525-31-020 (разделить на 2 фото).jpeg,/prevyu/zhurnal-plastika/abs2020-31-001b-i-abs1525-31-020-razdelit-na-2-foto.jpeg
/ПРЕВЬЮ/журнал пластика/АБС2020-31-112.jpeg,/prevyu/zhurnal-plastika/abs2020-31-112.jpeg
/ПРЕВЬЮ/журнал пластика/АБС2020-31-502.jpeg,/prevyu/zhurnal-plastika/abs2020-31-502.jpeg
/ПРЕВЬЮ/журнал пластика/АБС2020-31-504.jpeg,/prevyu/zhurnal-plastika/abs2020-31-504.jpeg
/ПРЕВЬЮ/журнал пластика/АБС2020-31-712.jpeg,/prevyu/zhurnal-plastika/abs2020-31-712.jpeg
/ПРЕВЬЮ/журнал пластика/АБС2020-31-807.jpeg,/prevyu/zhurnal-plastika/abs2020-31-807.jpeg
/ПРЕВЬЮ/журнал пластика/АБС2020-31-817.jpeg,/prevyu/zhurnal-plastika/abs2020-31-817.jpeg
/ПРЕВЬЮ/журнал пластика/АБС2020-31-901.jpeg,/prevyu/zhurnal-plastika/abs2020-31-901.jpeg
/ПРЕВЬЮ/журнал пластика/АБС2020-31М-31-н(о.jpeg,/prevyu/zhurnal-plastika/abs2020-31m-31-n-o.jpeg
/ПРЕВЬЮ/журнал пластика/АБС2020-31М-820.jpeg,/prevyu/zhurnal-plastika/abs2020-31m-820.jpeg
/ПРЕВЬЮ/журнал пластика/АБС2020-31М-824.jpeg,/prevyu/zhurnal-plastika/abs2020-31m-824.jpeg
/ПРЕВЬЮ/журнал пластика/АБС2020-32-8079.jpeg,/prevyu/zhurnal-plastika/abs2020-32-8079.jpeg
/ПРЕВЬЮ/журнал пластика/АБС2020-32-903.jpeg,/prevyu/zhurnal-plastika/abs2020-32-903.jpeg
/ПРЕВЬЮ/журнал пластика/АБС2525-31-н(о.jpeg,/prevyu/zhurnal-plastika/abs2525-31-n-o.jpeg
/ПРЕВЬЮ/журнал пластика/АБС2802-31-Н(О.jpeg,/prevyu/zhurnal-plastika/abs2802-31-n-o.jpeg
/ПРЕВЬЮ/журнал пластика/АБС2806-31-Н(О.jpeg,/prevyu/zhurnal-plastika/abs2806-31-n-o.jpeg
/ПРЕВЬЮ/журнал пластика/тех кадры для плашек/FURS0678.jpeg,/prevyu/zhurnal-plastika/teh-kadry-dlya-plashek/furs0678.jpeg
/ПРЕВЬЮ/журнал пластика/тех кадры для плашек/FURS0679.jpeg,/prevyu/zhurnal-plastika/teh-kadry-dlya-plashek/furs0679.jpeg
/ПРЕВЬЮ/журнал пластика/тех кадры для плашек/FURS0680.jpeg,/prevyu/zhurnal-plastika/teh-kadry-dlya-plashek/furs0680.jpeg
/ПРЕВЬЮ/журнал пластика/тех кадры для плашек/FURS0681.jpeg,/prevyu/zhurnal-plastika/teh-kadry-dlya-plashek/furs0681.jpeg
/ПРЕВЬЮ/журнал пластика/тех кадры для плашек/FURS0682.jpeg,/prevyu/zhurnal-plastika/teh-kadry-dlya-plashek/furs0682.jpeg
/ПРЕВЬЮ/журнал пластика/тех кадры для плашек/FURS0683.jpeg,/prevyu/zhurnal-plastika/teh-kadry-dlya-plashek/furs0683.jpeg
/ПРЕВЬЮ/журнал пластика/тех кадры для плашек/FURS0684.jpeg,/prevyu/zhurnal-plastika/teh-kadry-dlya-plashek/furs0684.jpeg
/ПРЕВЬЮ/журнал пластика/тех кадры для плашек/FURS0685.jpeg,/prevyu/zhurnal-plastika/teh-kadry-dlya-plashek/furs0685.jpeg
/ПРЕВЬЮ/журнал пластика/тех кадры для плашек/FURS0686.jpeg,/prevyu/zhurnal-plastika/teh-kadry-dlya-plashek/furs0686.jpeg
/ПРЕВЬЮ/журнал пластика/тех кадры для плашек/FURS0687.jpeg,/prevyu/zhurnal-plastika/teh-kadry-dlya-plashek/furs0687.jpeg
/ПРЕВЬЮ/колбы/ПСВ-С 1 марка_1.jpeg,/prevyu/kolby/psv-s-1-marka-1.jpeg
/ПРЕВЬЮ/колбы/ПСВ-С 1 марка_2.jpeg,/prevyu/kolby/psv-s-1-marka-2.jpeg
/ПРЕВЬЮ/колбы/ПСВ-С 2 марка_1.jpeg,/prevyu/kolby/psv-s-2-marka-1.jpeg
/ПРЕВЬЮ/колбы/ПСВ-С 2 марка_2.jpeg,/prevyu/kolby/psv-s-2-marka-2.jpeg
/ПРЕВЬЮ/колбы/ПСВ-С 3 марка_1.jpeg,/prevyu/kolby/psv-s-3-marka-1.jpeg
/ПРЕВЬЮ/колбы/ПСВ-С 3 марка_2.jpeg,/prevyu/kolby/psv-s-3-marka-2.jpeg
/ПРЕВЬЮ/колбы/ПСВ-С 4 марка_1.jpeg,/prevyu/kolby/psv-s-4-marka-1.jpeg
/ПРЕВЬЮ/колбы/ПСВ-С 4 марка_2.jpeg,/prevyu/kolby/psv-s-4-marka-2.jpeg
/ПРЕВЬЮ/колбы/ПСВ-С 5 марка_1.jpeg,/prevyu/kolby/psv-s-5-marka-1.jpeg
/ПРЕВЬЮ/колбы/ПСВ-С 5 марка_2.jpeg,/prevyu/kolby/psv-s-5-marka-2.jpeg
/ПРЕВЬЮ/колбы/бентол_1.jpeg,/prevyu/kolby/bentol-1.jpeg
/ПРЕВЬЮ/колбы/бентол_2.jpeg,/prevyu/kolby/bentol-2.jpeg
/ПРЕВЬЮ/колбы/бентол_доп1.jpeg,/prevyu/kolby/bentol-dop1.jpeg
/ПРЕВЬЮ/колбы/бентол_доп2.jpeg,/prevyu/kolby/bentol-dop2.jpeg
/ПРЕВЬЮ/колбы/корс_1.jpeg,/prevyu/kolby/kors-1.jpeg
/ПРЕВЬЮ/колбы/корс_2.jpeg,/prevyu/kolby/kors-2.jpeg
/ПРЕВЬЮ/литье/СП  КА-283_0.jpeg,/prevyu/lite/sp-ka-283-0.jpeg
/ПРЕВЬЮ/литье/СП  КА-283_1.jpeg,/prevyu/lite/sp-ka-283-1.jpeg
/ПРЕВЬЮ/литье/СП  КА-288А_0.jpeg,/prevyu/lite/sp-ka-288a-0.jpeg
/ПРЕВЬЮ/литье/СП  КА-288А_1.jpeg,/prevyu/lite/sp-ka-288a-1.jpeg
/ПРЕВЬЮ/литье/СП  КА-288А_2.jpeg,/prevyu/lite/sp-ka-288a-2.jpeg
/ПРЕВЬЮ/литье/СП  КА-288А_3.jpeg,/prevyu/lite/sp-ka-288a-3.jpeg
/ПРЕВЬЮ/литье/СП  КА-564_0.jpeg,/prevyu/lite/sp-ka-564-0.jpeg
/ПРЕВЬЮ/литье/СП  КА-564_1.jpeg,/prevyu/lite/sp-ka-564-1.jpeg
/ПРЕВЬЮ/литье/СП  КА-564_2.jpeg,/prevyu/lite/sp-ka-564-2.jpeg
/ПРЕВЬЮ/литье/СП  КА-564_3.jpeg,/prevyu/lite/sp-ka-564-3.jpeg
/ПРЕВЬЮ/литье/СП  КА-565_0.jpeg,/prevyu/lite/sp-ka-565-0.jpeg
/ПРЕВЬЮ/литье/СП  КА-565_1.jpeg,/prevyu/lite/sp-ka-565-1.jpeg
/ПРЕВЬЮ/литье/СП  КА-565_доп1.jpeg,/prevyu/lite/sp-ka-565-dop1.jpeg
/ПРЕВЬЮ/литье/СП  Ф-226 1(2_0_.jpeg,/prevyu/lite/sp-f-226-1-2-0.jpeg
/ПРЕВЬЮ/литье/СП  Ф-226 1(2_1.jpeg,/prevyu/lite/sp-f-226-1-2-1.jpeg
/ПРЕВЬЮ/литье/СП  Ф-226 1(2_2.jpeg,/prevyu/lite/sp-f-226-1-2-2.jpeg
/ПРЕВЬЮ/литье/СП КА-02_0.jpeg,/prevyu/lite/sp-ka-02-0.jpeg
/ПРЕВЬЮ/литье/СП КА-02_1.jpeg,/prevyu/lite/sp-ka-02-1.jpeg
/ПРЕВЬЮ/литье/СП КА-02_2.jpeg,/prevyu/lite/sp-ka-02-2.jpeg
/ПРЕВЬЮ/литье/СП КА-02_3.jpeg,/prevyu/lite/sp-ka-02-3.jpeg
/ПРЕВЬЮ/литье/СП КА-02_4.jpeg,/prevyu/lite/sp-ka-02-4.jpeg
/ПРЕВЬЮ/литье/СП КА-10А_0.jpeg,/prevyu/lite/sp-ka-10a-0.jpeg
/ПРЕВЬЮ/литье/СП КА-10А_1.jpeg,/prevyu/lite/sp-ka-10a-1.jpeg
/ПРЕВЬЮ/литье/СП КА-10А_2.jpeg,/prevyu/lite/sp-ka-10a-2.jpeg
/ПРЕВЬЮ/литье/СП КА-10А_3.jpeg,/prevyu/lite/sp-ka-10a-3.jpeg
/ПРЕВЬЮ/литье/СП КА-10А_4.jpeg,/prevyu/lite/sp-ka-10a-4.jpeg
/ПРЕВЬЮ/литье/СП КА-10А_5.jpeg,/prevyu/lite/sp-ka-10a-5.jpeg
/ПРЕВЬЮ/литье/СП КА-10А_6.jpeg,/prevyu/lite/sp-ka-10a-6.jpeg
/ПРЕВЬЮ/литье/СП КА-122_0.jpeg,/prevyu/lite/sp-ka-122-0.jpeg
/ПРЕВЬЮ/литье/СП КА-122_1.jpeg,/prevyu/lite/sp-ka-122-1.jpeg
/ПРЕВЬЮ/литье/СП КА-122_2.jpeg,/prevyu/lite/sp-ka-122-2.jpeg
/ПРЕВЬЮ/литье/СП КА-122_3.jpeg,/prevyu/lite/sp-ka-122-3.jpeg
/ПРЕВЬЮ/литье/СП КА-123_0.jpeg,/prevyu/lite/sp-ka-123-0.jpeg
/ПРЕВЬЮ/литье/СП КА-123_1.jpeg,/prevyu/lite/sp-ka-123-1.jpeg
/ПРЕВЬЮ/литье/СП КА-123_2.jpeg,/prevyu/lite/sp-ka-123-2.jpeg
/ПРЕВЬЮ/литье/СП КА-123_3.jpeg,/prevyu/lite/sp-ka-123-3.jpeg
/ПРЕВЬЮ/литье/СП КА-124_0.jpeg,/prevyu/lite/sp-ka-124-0.jpeg
/ПРЕВЬЮ/литье/СП КА-124_1.jpeg,/prevyu/lite/sp-ka-124-1.jpeg
/ПРЕВЬЮ/литье/СП КА-124_2.jpeg,/prevyu/lite/sp-ka-124-2.jpeg
/ПРЕВЬЮ/литье/СП КА-124_3.jpeg,/prevyu/lite/sp-ka-124-3.jpeg
/ПРЕВЬЮ/литье/СП КА-128_0.jpeg,/prevyu/lite/sp-ka-128-0.jpeg
/ПРЕВЬЮ/литье/СП КА-128_1.jpeg,/prevyu/lite/sp-ka-128-1.jpeg
/ПРЕВЬЮ/литье/СП КА-128_2.jpeg,/prevyu/lite/sp-ka-128-2.jpeg
/ПРЕВЬЮ/литье/СП КА-132_0.jpeg,/prevyu/lite/sp-ka-132-0.jpeg
/ПРЕВЬЮ/литье/СП КА-132_1.jpeg,/prevyu/lite/sp-ka-132-1.jpeg
/ПРЕВЬЮ/литье/СП КА-132_2.jpeg,/prevyu/lite/sp-ka-132-2.jpeg
/ПРЕВЬЮ/литье/СП КА-132_3.jpeg,/prevyu/lite/sp-ka-132-3.jpeg
/ПРЕВЬЮ/литье/СП КА-133А_0.jpeg,/prevyu/lite/sp-ka-133a-0.jpeg
/ПРЕВЬЮ/литье/СП КА-133А_1.jpeg,/prevyu/lite/sp-ka-133a-1.jpeg
/ПРЕВЬЮ/литье/СП КА-133А_2.jpeg,/prevyu/lite/sp-ka-133a-2.jpeg
/ПРЕВЬЮ/литье/СП КА-133А_3.jpeg,/prevyu/lite/sp-ka-133a-3.jpeg
/ПРЕВЬЮ/литье/СП КА-134_0.jpeg,/prevyu/lite/sp-ka-134-0.jpeg
/ПРЕВЬЮ/литье/СП КА-134_1.jpeg,/prevyu/lite/sp-ka-134-1.jpeg
/ПРЕВЬЮ/литье/СП КА-134_2.jpeg,/prevyu/lite/sp-ka-134-2.jpeg
/ПРЕВЬЮ/литье/СП КА-134_3.jpeg,/prevyu/lite/sp-ka-134-3.jpeg
/ПРЕВЬЮ/литье/СП КА-19_0.jpeg,/prevyu/lite/sp-ka-19-0.jpeg
/ПРЕВЬЮ/литье/СП КА-19_1.jpeg,/prevyu/lite/sp-ka-19-1.jpeg
/ПРЕВЬЮ/литье/СП КА-19_2.jpeg,/prevyu/lite/sp-ka-19-2.jpeg
/ПРЕВЬЮ/литье/СП КА-19_3.jpeg,/prevyu/lite/sp-ka-19-3.jpeg
/ПРЕВЬЮ/литье/СП КА-23_1.jpeg,/prevyu/lite/sp-ka-23-1.jpeg
/ПРЕВЬЮ/литье/СП КА-25Б_0.jpeg,/prevyu/lite/sp-ka-25b-0.jpeg
/ПРЕВЬЮ/литье/СП КА-25Б_1.jpeg,/prevyu/lite/sp-ka-25b-1.jpeg
/ПРЕВЬЮ/литье/СП КА-25Б_2.jpeg,/prevyu/lite/sp-ka-25b-2.jpeg
/ПРЕВЬЮ/литье/СП КА-25Б_3.jpeg,/prevyu/lite/sp-ka-25b-3.jpeg
/ПРЕВЬЮ/литье/СП КА-27Б_0.jpeg,/prevyu/lite/sp-ka-27b-0.jpeg
/ПРЕВЬЮ/литье/СП КА-27Б_1.jpeg,/prevyu/lite/sp-ka-27b-1.jpeg
/ПРЕВЬЮ/литье/СП КА-27Б_2.jpeg,/prevyu/lite/sp-ka-27b-2.jpeg
/ПРЕВЬЮ/литье/СП КА-27Б_3.jpeg,/prevyu/lite/sp-ka-27b-3.jpeg
/ПРЕВЬЮ/литье/СП КА-280А_0.jpeg,/prevyu/lite/sp-ka-280a-0.jpeg
/ПРЕВЬЮ/литье/СП КА-280А_1.jpeg,/prevyu/lite/sp-ka-280a-1.jpeg
/ПРЕВЬЮ/литье/СП КА-280А_2.jpeg,/prevyu/lite/sp-ka-280a-2.jpeg
/ПРЕВЬЮ/литье/СП КА-280А_3.jpeg,/prevyu/lite/sp-ka-280a-3.jpeg
/ПРЕВЬЮ/литье/СП КА-281А_0.jpeg,/prevyu/lite/sp-ka-281a-0.jpeg
/ПРЕВЬЮ/литье/СП КА-281А_1.jpeg,/prevyu/lite/sp-ka-281a-1.jpeg
/ПРЕВЬЮ/литье/СП КА-281А_2.jpeg,/prevyu/lite/sp-ka-281a-2.jpeg
/ПРЕВЬЮ/литье/СП КА-282А_0.jpeg,/prevyu/lite/sp-ka-282a-0.jpeg
/ПРЕВЬЮ/литье/СП КА-282А_1.jpeg,/prevyu/lite/sp-ka-282a-1.jpeg
/ПРЕВЬЮ/литье/СП КА-282А_2.jpeg,/prevyu/lite/sp-ka-282a-2.jpeg
/ПРЕВЬЮ/литье/СП КА-284_0.jpeg,/prevyu/lite/sp-ka-284-0.jpeg
/ПРЕВЬЮ/литье/СП КА-284_1.jpeg,/prevyu/lite/sp-ka-284-1.jpeg
/ПРЕВЬЮ/литье/СП КА-284_2.jpeg,/prevyu/lite/sp-ka-284-2.jpeg
/ПРЕВЬЮ/литье/СП КА-285_0.jpeg,/prevyu/lite/sp-ka-285-0.jpeg
/ПРЕВЬЮ/литье/СП КА-285_1.jpeg,/prevyu/lite/sp-ka-285-1.jpeg
/ПРЕВЬЮ/литье/СП КА-286А_0.jpeg,/prevyu/lite/sp-ka-286a-0.jpeg
/ПРЕВЬЮ/литье/СП КА-286А_1.jpeg,/prevyu/lite/sp-ka-286a-1.jpeg
/ПРЕВЬЮ/литье/СП КА-286А_2.jpeg,/prevyu/lite/sp-ka-286a-2.jpeg
/ПРЕВЬЮ/литье/СП КА-287А_0.jpeg,/prevyu/lite/sp-ka-287a-0.jpeg
/ПРЕВЬЮ/литье/СП КА-287А_1.jpeg,/prevyu/lite/sp-ka-287a-1.jpeg
/ПРЕВЬЮ/литье/СП КА-287А_2.jpeg,/prevyu/lite/sp-ka-287a-2.jpeg
/ПРЕВЬЮ/литье/СП КА-287А_3.jpeg,/prevyu/lite/sp-ka-287a-3.jpeg
/ПРЕВЬЮ/литье/СП КА-28Б_0.jpeg,/prevyu/lite/sp-ka-28b-0.jpeg
/ПРЕВЬЮ/литье/СП КА-28Б_1.jpeg,/prevyu/lite/sp-ka-28b-1.jpeg
/ПРЕВЬЮ/литье/СП КА-28Б_2.jpeg,/prevyu/lite/sp-ka-28b-2.jpeg
/ПРЕВЬЮ/литье/СП КА-343А_0.jpeg,/prevyu/lite/sp-ka-343a-0.jpeg
/ПРЕВЬЮ/литье/СП КА-343А_12.jpeg,/prevyu/lite/sp-ka-343a-12.jpeg
/ПРЕВЬЮ/литье/СП КА-343А_2.jpeg,/prevyu/lite/sp-ka-343a-2.jpeg
/ПРЕВЬЮ/литье/СП КА-345А_0.jpeg,/prevyu/lite/sp-ka-345a-0.jpeg
/ПРЕВЬЮ/литье/СП КА-345А_1.jpeg,/prevyu/lite/sp-ka-345a-1.jpeg
/ПРЕВЬЮ/литье/СП КА-345А_2.jpeg,/prevyu/lite/sp-ka-345a-2.jpeg
/ПРЕВЬЮ/литье/СП КА-345А_3.jpeg,/prevyu/lite/sp-ka-345a-3.jpeg
/ПРЕВЬЮ/литье/СП КА-346_0.jpeg,/prevyu/lite/sp-ka-346-0.jpeg
/ПРЕВЬЮ/литье/СП КА-346_1.jpeg,/prevyu/lite/sp-ka-346-1.jpeg
/ПРЕВЬЮ/литье/СП КА-346_2.jpeg,/prevyu/lite/sp-ka-346-2.jpeg
/ПРЕВЬЮ/литье/СП КА-346_3.jpeg,/prevyu/lite/sp-ka-346-3.jpeg
"/ПРЕВЬЮ/литье/СП КА-37,38_0.jpeg",/prevyu/lite/sp-ka-37-38-0.jpeg
"/ПРЕВЬЮ/литье/СП КА-37,38_1.jpeg",/prevyu/lite/sp-ka-37-38-1.jpeg
"/ПРЕВЬЮ/литье/СП КА-37,38_2.jpeg",/prevyu/lite/sp-ka-37-38-2.jpeg
/ПРЕВЬЮ/литье/СП КА-39А_0.jpeg,/prevyu/lite/sp-ka-39a-0.jpeg
/ПРЕВЬЮ/литье/СП КА-39А_1.jpeg,/prevyu/lite/sp-ka-39a-1.jpeg
/ПРЕВЬЮ/литье/СП КА-39А_2.jpeg,/prevyu/lite/sp-ka-39a-2.jpeg
/ПРЕВЬЮ/литье/СП КА-43_0.jpeg,/prevyu/lite/sp-ka-43-0.jpeg
/ПРЕВЬЮ/литье/СП КА-43_1.jpeg,/prevyu/lite/sp-ka-43-1.jpeg
/ПРЕВЬЮ/литье/СП КА-43_2.jpeg,/prevyu/lite/sp-ka-43-2.jpeg
/ПРЕВЬЮ/литье/СП КА-44_0.jpeg,/prevyu/lite/sp-ka-44-0.jpeg
/ПРЕВЬЮ/литье/СП КА-44_1.jpeg,/prevyu/lite/sp-ka-44-1.jpeg
/ПРЕВЬЮ/литье/СП КА-44_2.jpeg,/prevyu/lite/sp-ka-44-2.jpeg
/ПРЕВЬЮ/литье/СП КА-46А_0.jpeg,/prevyu/lite/sp-ka-46a-0.jpeg
/ПРЕВЬЮ/литье/СП КА-46А_1.jpeg,/prevyu/lite/sp-ka-46a-1.jpeg
/ПРЕВЬЮ/литье/СП КА-46А_2.jpeg,/prevyu/lite/sp-ka-46a-2.jpeg
/ПРЕВЬЮ/литье/СП КА-50А_0.jpeg,/prevyu/lite/sp-ka-50a-0.jpeg
/ПРЕВЬЮ/литье/СП КА-50А_1.jpeg,/prevyu/lite/sp-ka-50a-1.jpeg
/ПРЕВЬЮ/литье/СП КА-50А_2.jpeg,/prevyu/lite/sp-ka-50a-2.jpeg
/ПРЕВЬЮ/литье/СП КА-50А_3.jpeg,/prevyu/lite/sp-ka-50a-3.jpeg
/ПРЕВЬЮ/литье/СП КА-51_0.jpeg,/prevyu/lite/sp-ka-51-0.jpeg
/ПРЕВЬЮ/литье/СП КА-51_1.jpeg,/prevyu/lite/sp-ka-51-1.jpeg
/ПРЕВЬЮ/литье/СП КА-51_2.jpeg,/prevyu/lite/sp-ka-51-2.jpeg
/ПРЕВЬЮ/литье/СП КА-51_3.jpeg,/prevyu/lite/sp-ka-51-3.jpeg
/ПРЕВЬЮ/литье/СП КА-53_1.jpeg,/prevyu/lite/sp-ka-53-1.jpeg
/ПРЕВЬЮ/литье/СП КА-53_2.jpeg,/prevyu/lite/sp-ka-53-2.jpeg
/ПРЕВЬЮ/литье/СП КА-53_3.jpeg,/prevyu/lite/sp-ka-53-3.jpeg
/ПРЕВЬЮ/литье/СП КА-54А_0.jpeg,/prevyu/lite/sp-ka-54a-0.jpeg
/ПРЕВЬЮ/литье/СП КА-54А_1.jpeg,/prevyu/lite/sp-ka-54a-1.jpeg
/ПРЕВЬЮ/литье/СП КА-54А_2.jpeg,/prevyu/lite/sp-ka-54a-2.jpeg
/ПРЕВЬЮ/литье/СП КА-54А_3.jpeg,/prevyu/lite/sp-ka-54a-3.jpeg
/ПРЕВЬЮ/литье/СП КА-551Б_0.jpeg,/prevyu/lite/sp-ka-551b-0.jpeg
/ПРЕВЬЮ/литье/СП КА-551Б_1.jpeg,/prevyu/lite/sp-ka-551b-1.jpeg
/ПРЕВЬЮ/литье/СП КА-551Б_2.jpeg,/prevyu/lite/sp-ka-551b-2.jpeg
/ПРЕВЬЮ/литье/СП КА-551Б_3.jpeg,/prevyu/lite/sp-ka-551b-3.jpeg
/ПРЕВЬЮ/литье/СП КА-551Б_4.jpeg,/prevyu/lite/sp-ka-551b-4.jpeg
/ПРЕВЬЮ/литье/СП КА-552_0.jpeg,/prevyu/lite/sp-ka-552-0.jpeg
/ПРЕВЬЮ/литье/СП КА-552_1.jpeg,/prevyu/lite/sp-ka-552-1.jpeg
/ПРЕВЬЮ/литье/СП КА-552_2.jpeg,/prevyu/lite/sp-ka-552-2.jpeg
/ПРЕВЬЮ/литье/СП КА-553_0.jpeg,/prevyu/lite/sp-ka-553-0.jpeg
/ПРЕВЬЮ/литье/СП КА-553_1.jpeg,/prevyu/lite/sp-ka-553-1.jpeg
/ПРЕВЬЮ/литье/СП КА-553_2.jpeg,/prevyu/lite/sp-ka-553-2.jpeg
/ПРЕВЬЮ/литье/СП КА-553_3.jpeg,/prevyu/lite/sp-ka-553-3.jpeg
/ПРЕВЬЮ/литье/СП КА-554А_1.jpeg,/prevyu/lite/sp-ka-554a-1.jpeg
/ПРЕВЬЮ/литье/СП КА-554А_2.jpeg,/prevyu/lite/sp-ka-554a-2.jpeg
/ПРЕВЬЮ/литье/СП КА-554А_3.jpeg,/prevyu/lite/sp-ka-554a-3.jpeg
/ПРЕВЬЮ/литье/СП КА-555_0.jpeg,/prevyu/lite/sp-ka-555-0.jpeg
/ПРЕВЬЮ/литье/СП КА-555_1.jpeg,/prevyu/lite/sp-ka-555-1.jpeg
/ПРЕВЬЮ/литье/СП КА-555_2.jpeg,/prevyu/lite/sp-ka-555-2.jpeg
/ПРЕВЬЮ/литье/СП КА-55_0.jpeg,/prevyu/lite/sp-ka-55-0.jpeg
/ПРЕВЬЮ/литье/СП КА-55_1.jpeg,/prevyu/lite/sp-ka-55-1.jpeg
/ПРЕВЬЮ/литье/СП КА-560_0.jpeg,/prevyu/lite/sp-ka-560-0.jpeg
/ПРЕВЬЮ/литье/СП КА-560_1.jpeg,/prevyu/lite/sp-ka-560-1.jpeg
/ПРЕВЬЮ/литье/СП КА-560_2.jpeg,/prevyu/lite/sp-ka-560-2.jpeg
/ПРЕВЬЮ/литье/СП КА-560_3.jpeg,/prevyu/lite/sp-ka-560-3.jpeg
/ПРЕВЬЮ/литье/СП КА-561_0.jpeg,/prevyu/lite/sp-ka-561-0.jpeg
/ПРЕВЬЮ/литье/СП КА-561_1.jpeg,/prevyu/lite/sp-ka-561-1.jpeg
/ПРЕВЬЮ/литье/СП КА-561_2.jpeg,/prevyu/lite/sp-ka-561-2.jpeg
/ПРЕВЬЮ/литье/СП КА-561_3.jpeg,/prevyu/lite/sp-ka-561-3.jpeg
/ПРЕВЬЮ/литье/СП КА-561_4.jpeg,/prevyu/lite/sp-ka-561-4.jpeg
/ПРЕВЬЮ/литье/СП КА-562_0.jpeg,/prevyu/lite/sp-ka-562-0.jpeg
/ПРЕВЬЮ/литье/СП КА-562_1.jpeg,/prevyu/lite/sp-ka-562-1.jpeg
/ПРЕВЬЮ/литье/СП КА-562_2.jpeg,/prevyu/lite/sp-ka-562-2.jpeg
/ПРЕВЬЮ/литье/СП КА-568_0.jpeg,/prevyu/lite/sp-ka-568-0.jpeg
/ПРЕВЬЮ/литье/СП КА-568_1.jpeg,/prevyu/lite/sp-ka-568-1.jpeg
/ПРЕВЬЮ/литье/СП КА-568_2.jpeg,/prevyu/lite/sp-ka-568-2.jpeg
/ПРЕВЬЮ/литье/СП КА-568_3.jpeg,/prevyu/lite/sp-ka-568-3.jpeg
/ПРЕВЬЮ/литье/СП КА-568А_0.jpeg,/prevyu/lite/sp-ka-568a-0.jpeg
/ПРЕВЬЮ/литье/СП КА-568А_1.jpeg,/prevyu/lite/sp-ka-568a-1.jpeg
/ПРЕВЬЮ/литье/СП КА-568А_2.jpeg,/prevyu/lite/sp-ka-568a-2.jpeg
/ПРЕВЬЮ/литье/СП КА-568А_3.jpeg,/prevyu/lite/sp-ka-568a-3.jpeg
/ПРЕВЬЮ/литье/СП КА-56Р_0.jpeg,/prevyu/lite/sp-ka-56r-0.jpeg
/ПРЕВЬЮ/литье/СП КА-56Р_1.jpeg,/prevyu/lite/sp-ka-56r-1.jpeg
/ПРЕВЬЮ/литье/СП КА-56Р_2.jpeg,/prevyu/lite/sp-ka-56r-2.jpeg
/ПРЕВЬЮ/литье/СП КА-56Р_3.jpeg,/prevyu/lite/sp-ka-56r-3.jpeg
/ПРЕВЬЮ/литье/СП КА-572_0.jpeg,/prevyu/lite/sp-ka-572-0.jpeg
/ПРЕВЬЮ/литье/СП КА-572_1.jpeg,/prevyu/lite/sp-ka-572-1.jpeg
/ПРЕВЬЮ/литье/СП КА-572_2.jpeg,/prevyu/lite/sp-ka-572-2.jpeg
/ПРЕВЬЮ/литье/СП КА-572_3.jpeg,/prevyu/lite/sp-ka-572-3.jpeg
/ПРЕВЬЮ/литье/СП КА-572А_0.jpeg,/prevyu/lite/sp-ka-572a-0.jpeg
/ПРЕВЬЮ/литье/СП КА-572А_1.jpeg,/prevyu/lite/sp-ka-572a-1.jpeg
/ПРЕВЬЮ/литье/СП КА-572А_2.jpeg,/prevyu/lite/sp-ka-572a-2.jpeg
/ПРЕВЬЮ/литье/СП КА-572А_доп1.jpeg,/prevyu/lite/sp-ka-572a-dop1.jpeg
/ПРЕВЬЮ/литье/СП КА-583_0.jpeg,/prevyu/lite/sp-ka-583-0.jpeg
/ПРЕВЬЮ/литье/СП КА-583_1.jpeg,/prevyu/lite/sp-ka-583-1.jpeg
/ПРЕВЬЮ/литье/СП КА-583_2.jpeg,/prevyu/lite/sp-ka-583-2.jpeg
/ПРЕВЬЮ/литье/СП КА-583_3.jpeg,/prevyu/lite/sp-ka-583-3.jpeg
/ПРЕВЬЮ/литье/СП КА-585_0.jpeg,/prevyu/lite/sp-ka-585-0.jpeg
/ПРЕВЬЮ/литье/СП КА-585_1.jpeg,/prevyu/lite/sp-ka-585-1.jpeg
/ПРЕВЬЮ/литье/СП КА-585_2.jpeg,/prevyu/lite/sp-ka-585-2.jpeg
/ПРЕВЬЮ/литье/СП КА-585_3.jpeg,/prevyu/lite/sp-ka-585-3.jpeg
/ПРЕВЬЮ/литье/СП КА-586_0.jpeg,/prevyu/lite/sp-ka-586-0.jpeg
/ПРЕВЬЮ/литье/СП КА-586_1.jpeg,/prevyu/lite/sp-ka-586-1.jpeg
/ПРЕВЬЮ/литье/СП КА-586_2.jpeg,/prevyu/lite/sp-ka-586-2.jpeg
/ПРЕВЬЮ/литье/СП КА-586_3.jpeg,/prevyu/lite/sp-ka-586-3.jpeg
/ПРЕВЬЮ/литье/СП КА-586А_0.jpeg,/prevyu/lite/sp-ka-586a-0.jpeg
/ПРЕВЬЮ/литье/СП КА-586А_1.jpeg,/prevyu/lite/sp-ka-586a-1.jpeg
/ПРЕВЬЮ/литье/СП КА-586А_2.jpeg,/prevyu/lite/sp-ka-586a-2.jpeg
/ПРЕВЬЮ/литье/СП КА-586А_3.jpeg,/prevyu/lite/sp-ka-586a-3.jpeg
/ПРЕВЬЮ/литье/СП КА-587_0.jpeg,/prevyu/lite/sp-ka-587-0.jpeg
/ПРЕВЬЮ/литье/СП КА-587_01.jpeg,/prevyu/lite/sp-ka-587-01.jpeg
/ПРЕВЬЮ/литье/СП КА-587_2.jpeg,/prevyu/lite/sp-ka-587-2.jpeg
/ПРЕВЬЮ/литье/СП КА-587_3.jpeg,/prevyu/lite/sp-ka-587-3.jpeg
/ПРЕВЬЮ/литье/СП КА-589_0.jpeg,/prevyu/lite/sp-ka-589-0.jpeg
/ПРЕВЬЮ/литье/СП КА-589_1.jpeg,/prevyu/lite/sp-ka-589-1.jpeg
/ПРЕВЬЮ/литье/СП КА-589_2.jpeg,/prevyu/lite/sp-ka-589-2.jpeg
/ПРЕВЬЮ/литье/СП КА-589_3.jpeg,/prevyu/lite/sp-ka-589-3.jpeg
/ПРЕВЬЮ/литье/СП КА-590_0.jpeg,/prevyu/lite/sp-ka-590-0.jpeg
/ПРЕВЬЮ/литье/СП КА-590_1.jpeg,/prevyu/lite/sp-ka-590-1.jpeg
/ПРЕВЬЮ/литье/СП КА-590_2.jpeg,/prevyu/lite/sp-ka-590-2.jpeg
/ПРЕВЬЮ/литье/СП КА-590_3.jpeg,/prevyu/lite/sp-ka-590-3.jpeg
/ПРЕВЬЮ/литье/СП КА-603_0.jpeg,/prevyu/lite/sp-ka-603-0.jpeg
/ПРЕВЬЮ/литье/СП КА-603_1.jpeg,/prevyu/lite/sp-ka-603-1.jpeg
/ПРЕВЬЮ/литье/СП КА-603_2.jpeg,/prevyu/lite/sp-ka-603-2.jpeg
/ПРЕВЬЮ/литье/СП КА-603_3.jpeg,/prevyu/lite/sp-ka-603-3.jpeg
/ПРЕВЬЮ/литье/СП КА-603_4.jpeg,/prevyu/lite/sp-ka-603-4.jpeg
/ПРЕВЬЮ/литье/СП КА-62А_0.jpeg,/prevyu/lite/sp-ka-62a-0.jpeg
/ПРЕВЬЮ/литье/СП КА-62А_1.jpeg,/prevyu/lite/sp-ka-62a-1.jpeg
/ПРЕВЬЮ/литье/СП КА-62А_2.jpeg,/prevyu/lite/sp-ka-62a-2.jpeg
/ПРЕВЬЮ/литье/СП КА-62А_3.jpeg,/prevyu/lite/sp-ka-62a-3.jpeg
/ПРЕВЬЮ/литье/СП КА-65_0.jpeg,/prevyu/lite/sp-ka-65-0.jpeg
/ПРЕВЬЮ/литье/СП КА-65_1.jpeg,/prevyu/lite/sp-ka-65-1.jpeg
/ПРЕВЬЮ/литье/СП КА-65_2.jpeg,/prevyu/lite/sp-ka-65-2.jpeg
/ПРЕВЬЮ/литье/СП КА-65_3.jpeg,/prevyu/lite/sp-ka-65-3.jpeg
/ПРЕВЬЮ/литье/СП КА-70_0.jpeg,/prevyu/lite/sp-ka-70-0.jpeg
/ПРЕВЬЮ/литье/СП КА-70_1.jpeg,/prevyu/lite/sp-ka-70-1.jpeg
/ПРЕВЬЮ/литье/СП КА-70_2.jpeg,/prevyu/lite/sp-ka-70-2.jpeg
/ПРЕВЬЮ/литье/СП КА-70_3.jpeg,/prevyu/lite/sp-ka-70-3.jpeg
/ПРЕВЬЮ/литье/СП КА-80_0.jpeg,/prevyu/lite/sp-ka-80-0.jpeg
/ПРЕВЬЮ/литье/СП КА-80_1.jpeg,/prevyu/lite/sp-ka-80-1.jpeg
/ПРЕВЬЮ/литье/СП КА-80_2.jpeg,/prevyu/lite/sp-ka-80-2.jpeg
/ПРЕВЬЮ/литье/СП КА-83А_0.jpeg,/prevyu/lite/sp-ka-83a-0.jpeg
/ПРЕВЬЮ/литье/СП КА-83А_1.jpeg,/prevyu/lite/sp-ka-83a-1.jpeg
/ПРЕВЬЮ/литье/СП КА-83А_2.jpeg,/prevyu/lite/sp-ka-83a-2.jpeg
/ПРЕВЬЮ/литье/СП КА-83А_3.jpeg,/prevyu/lite/sp-ka-83a-3.jpeg
/ПРЕВЬЮ/литье/СП КА-89_0.jpeg,/prevyu/lite/sp-ka-89-0.jpeg
/ПРЕВЬЮ/литье/СП КА-89_1.jpeg,/prevyu/lite/sp-ka-89-1.jpeg
/ПРЕВЬЮ/литье/СП КА-89_2.jpeg,/prevyu/lite/sp-ka-89-2.jpeg
/ПРЕВЬЮ/литье/СП КА-89_3.jpeg,/prevyu/lite/sp-ka-89-3.jpeg
/ПРЕВЬЮ/литье/СП КА-89_4.jpeg,/prevyu/lite/sp-ka-89-4.jpeg
/ПРЕВЬЮ/литье/СП КА-96_0.jpeg,/prevyu/lite/sp-ka-96-0.jpeg
/ПРЕВЬЮ/литье/СП КА-96_1.jpeg,/prevyu/lite/sp-ka-96-1.jpeg
/ПРЕВЬЮ/литье/СП КА-96_2.jpeg,/prevyu/lite/sp-ka-96-2.jpeg
/ПРЕВЬЮ/литье/СП КА-96_3.jpeg,/prevyu/lite/sp-ka-96-3.jpeg
/ПРЕВЬЮ/литье/СП ММЗ-10_0.jpeg,/prevyu/lite/sp-mmz-10-0.jpeg
/ПРЕВЬЮ/литье/СП ММЗ-10_1.jpeg,/prevyu/lite/sp-mmz-10-1.jpeg
/ПРЕВЬЮ/литье/СП ММЗ-10_2.jpeg,/prevyu/lite/sp-mmz-10-2.jpeg
/ПРЕВЬЮ/литье/СП ММЗ-10_3.jpeg,/prevyu/lite/sp-mmz-10-3.jpeg
/ПРЕВЬЮ/продукция/2781_0.jpeg,/prevyu/produktsiya/2781-0.jpeg
/ПРЕВЬЮ/продукция/2781_1.jpeg,/prevyu/produktsiya/2781-1.jpeg
/ПРЕВЬЮ/продукция/2781_2.jpeg,/prevyu/produktsiya/2781-2.jpeg
/ПРЕВЬЮ/продукция/2781_3.jpeg,/prevyu/produktsiya/2781-3.jpeg
/ПРЕВЬЮ/продукция/2782_0.jpeg,/prevyu/produktsiya/2782-0.jpeg
/ПРЕВЬЮ/продукция/2782_1.jpeg,/prevyu/produktsiya/2782-1.jpeg
/ПРЕВЬЮ/продукция/2782_2.jpeg,/prevyu/produktsiya/2782-2.jpeg
/ПРЕВЬЮ/продукция/2782_3.jpeg,/prevyu/produktsiya/2782-3.jpeg
/ПРЕВЬЮ/продукция/Ведро 10л.jpeg,/prevyu/produktsiya/vedro-10l.jpeg
/ПРЕВЬЮ/продукция/Ведро 10л_0.jpeg,/prevyu/produktsiya/vedro-10l-0.jpeg
/ПРЕВЬЮ/продукция/Ведро 10л_1.jpeg,/prevyu/produktsiya/vedro-10l-1.jpeg
/ПРЕВЬЮ/продукция/Ведро 10л_2.jpeg,/prevyu/produktsiya/vedro-10l-2.jpeg
"/ПРЕВЬЮ/продукция/Ведро 2,5л_0.jpeg",/prevyu/produktsiya/vedro-2-5l-0.jpeg
"/ПРЕВЬЮ/продукция/Ведро 2,5л_1.jpeg",/prevyu/produktsiya/vedro-2-5l-1.jpeg
"/ПРЕВЬЮ/продукция/Ведро 2,5л_2.jpeg",/prevyu/produktsiya/vedro-2-5l-2.jpeg
/ПРЕВЬЮ/продукция/Ведро 5л_0.jpeg,/prevyu/produktsiya/vedro-5l-0.jpeg
/ПРЕВЬЮ/продукция/Ведро 5л_1.jpeg,/prevyu/produktsiya/vedro-5l-1.jpeg
/ПРЕВЬЮ/продукция/Ведро 5л_2.jpeg,/prevyu/produktsiya/vedro-5l-2.jpeg
/ПРЕВЬЮ/продукция/Ведро 7л_0.jpeg,/prevyu/produktsiya/vedro-7l-0.jpeg
/ПРЕВЬЮ/продукция/Ведро 7л_1.jpeg,/prevyu/produktsiya/vedro-7l-1.jpeg
/ПРЕВЬЮ/продукция/Ведро 7л_2.jpeg,/prevyu/produktsiya/vedro-7l-2.jpeg
/ПРЕВЬЮ/продукция/Ведро 8л_0.jpeg,/prevyu/produktsiya/vedro-8l-0.jpeg
/ПРЕВЬЮ/продукция/Ведро 8л_1.jpeg,/prevyu/produktsiya/vedro-8l-1.jpeg
/ПРЕВЬЮ/продукция/Ведро 8л_2.jpeg,/prevyu/produktsiya/vedro-8l-2.jpeg
/ПРЕВЬЮ/продукция/Канистра_0.jpeg,/prevyu/produktsiya/kanistra-0.jpeg
/ПРЕВЬЮ/продукция/Канистра_1.jpeg,/prevyu/produktsiya/kanistra-1.jpeg
/ПРЕВЬЮ/продукция/Канистра_2.jpeg,/prevyu/produktsiya/kanistra-2.jpeg
/ПРЕВЬЮ/продукция/Канистра_3.jpeg,/prevyu/produktsiya/kanistra-3.jpeg
/ПРЕВЬЮ/продукция/Канистра_5.jpeg,/prevyu/produktsiya/kanistra-5.jpeg
/ПРЕВЬЮ/продукция/Канистра_6.jpeg,/prevyu/produktsiya/kanistra-6.jpeg
"/ПРЕВЬЮ/продукция/Миска 2,5л_0.jpeg",/prevyu/produktsiya/miska-2-5l-0.jpeg
"/ПРЕВЬЮ/продукция/Миска 2,5л_1.jpeg",/prevyu/produktsiya/miska-2-5l-1.jpeg
"/ПРЕВЬЮ/продукция/Миска 2,5л_2.jpeg",/prevyu/produktsiya/miska-2-5l-2.jpeg
"/ПРЕВЬЮ/продукция/Миска 2,5л_3.jpeg",/prevyu/produktsiya/miska-2-5l-3.jpeg
/ПРЕВЬЮ/продукция/П1611_0.jpeg,/prevyu/produktsiya/p1611-0.jpeg
/ПРЕВЬЮ/продукция/П1611_1.jpeg,/prevyu/produktsiya/p1611-1.jpeg
/ПРЕВЬЮ/продукция/П1611_2.jpeg,/prevyu/produktsiya/p1611-2.jpeg
/ПРЕВЬЮ/продукция/П1834_0.jpeg,/prevyu/produktsiya/p1834-0.jpeg
/ПРЕВЬЮ/продукция/П1834_1.jpeg,/prevyu/produktsiya/p1834-1.jpeg
/ПРЕВЬЮ/продукция/П1834_2.jpeg,/prevyu/produktsiya/p1834-2.jpeg
/ПРЕВЬЮ/продукция/П1834_3.jpeg,/prevyu/produktsiya/p1834-3.jpeg
/ПРЕВЬЮ/продукция/П1881_0.jpeg,/prevyu/produktsiya/p1881-0.jpeg
/ПРЕВЬЮ/продукция/П1881_1.jpeg,/prevyu/produktsiya/p1881-1.jpeg
/ПРЕВЬЮ/продукция/П1889_0.jpeg,/prevyu/produktsiya/p1889-0.jpeg
/ПРЕВЬЮ/продукция/П1889_1.jpeg,/prevyu/produktsiya/p1889-1.jpeg
/ПРЕВЬЮ/продукция/П1896_0.jpeg,/prevyu/produktsiya/p1896-0.jpeg
/ПРЕВЬЮ/продукция/П1896_1.jpeg,/prevyu/produktsiya/p1896-1.jpeg
/ПРЕВЬЮ/продукция/П2040_0.jpeg,/prevyu/produktsiya/p2040-0.jpeg
/ПРЕВЬЮ/продукция/П2040_1.jpeg,/prevyu/produktsiya/p2040-1.jpeg
/ПРЕВЬЮ/продукция/П2040_2.jpeg,/prevyu/produktsiya/p2040-2.jpeg
/ПРЕВЬЮ/продукция/П2040_3.jpeg,/prevyu/produktsiya/p2040-3.jpeg
/ПРЕВЬЮ/продукция/П2093_0.jpeg,/prevyu/produktsiya/p2093-0.jpeg
/ПРЕВЬЮ/продукция/П2093_1.jpeg,/prevyu/produktsiya/p2093-1.jpeg
/ПРЕВЬЮ/продукция/П2701_0 .jpeg,/prevyu/produktsiya/p2701-0.jpeg
/ПРЕВЬЮ/продукция/П2701_1.jpeg,/prevyu/produktsiya/p2701-1.jpeg
/ПРЕВЬЮ/продукция/П2701_2.jpeg,/prevyu/produktsiya/p2701-2.jpeg
/ПРЕВЬЮ/продукция/П2701_3.jpeg,/prevyu/produktsiya/p2701-3.jpeg
/ПРЕВЬЮ/продукция/П2703_0.jpeg,/prevyu/produktsiya/p2703-0.jpeg
/ПРЕВЬЮ/продукция/П2703_1.jpeg,/prevyu/produktsiya/p2703-1.jpeg
"/ПРЕВЬЮ/продукция/П2705, 2706_0.jpeg",/prevyu/produktsiya/p2705-2706-0.jpeg
/ПРЕВЬЮ/продукция/П2705_1.jpeg,/prevyu/produktsiya/p2705-1.jpeg
/ПРЕВЬЮ/продукция/П2706_1.jpeg,/prevyu/produktsiya/p2706-1.jpeg
/ПРЕВЬЮ/продукция/П2709_0.jpeg,/prevyu/produktsiya/p2709-0.jpeg
/ПРЕВЬЮ/продукция/П2709_1.jpeg,/prevyu/produktsiya/p2709-1.jpeg
/ПРЕВЬЮ/продукция/П2710_0.jpeg,/prevyu/produktsiya/p2710-0.jpeg
/ПРЕВЬЮ/продукция/П2710_1.jpeg,/prevyu/produktsiya/p2710-1.jpeg
/ПРЕВЬЮ/продукция/П2710_2.jpeg,/prevyu/produktsiya/p2710-2.jpeg
/ПРЕВЬЮ/продукция/П2711_1.jpeg,/prevyu/produktsiya/p2711-1.jpeg
/ПРЕВЬЮ/продукция/П2711_2.jpeg,/prevyu/produktsiya/p2711-2.jpeg
/ПРЕВЬЮ/продукция/П2711_3.jpeg,/prevyu/produktsiya/p2711-3.jpeg
/ПРЕВЬЮ/продукция/П2713_1.jpeg,/prevyu/produktsiya/p2713-1.jpeg
/ПРЕВЬЮ/продукция/П2713_2.jpeg,/prevyu/produktsiya/p2713-2.jpeg
/ПРЕВЬЮ/продукция/П2714_0.jpeg,/prevyu/produktsiya/p2714-0.jpeg
/ПРЕВЬЮ/продукция/П2714_1.jpeg,/prevyu/produktsiya/p2714-1.jpeg
/ПРЕВЬЮ/продукция/П2714_2.jpeg,/prevyu/produktsiya/p2714-2.jpeg
/ПРЕВЬЮ/продукция/П2715_1.jpeg,/prevyu/produktsiya/p2715-1.jpeg
/ПРЕВЬЮ/продукция/П2715_2.jpeg,/prevyu/produktsiya/p2715-2.jpeg
/ПРЕВЬЮ/продукция/П2715_3.jpeg,/prevyu/produktsiya/p2715-3.jpeg
/ПРЕВЬЮ/продукция/П2715_4.jpeg,/prevyu/produktsiya/p2715-4.jpeg
/ПРЕВЬЮ/продукция/П2715_доп1.jpeg,/prevyu/produktsiya/p2715-dop1.jpeg
/ПРЕВЬЮ/продукция/П2717_0.jpeg,/prevyu/produktsiya/p2717-0.jpeg
/ПРЕВЬЮ/продукция/П2717_1.jpeg,/prevyu/produktsiya/p2717-1.jpeg
/ПРЕВЬЮ/продукция/П2718_0.jpeg,/prevyu/produktsiya/p2718-0.jpeg
/ПРЕВЬЮ/продукция/П2718_1.jpeg,/prevyu/produktsiya/p2718-1.jpeg
/ПРЕВЬЮ/продукция/П2718_2.jpeg,/prevyu/produktsiya/p2718-2.jpeg
/ПРЕВЬЮ/продукция/П2718_3.jpeg,/prevyu/produktsiya/p2718-3.jpeg
/ПРЕВЬЮ/продукция/П2720_0.jpeg,/prevyu/produktsiya/p2720-0.jpeg
/ПРЕВЬЮ/продукция/П2720_1.jpeg,/prevyu/produktsiya/p2720-1.jpeg
/ПРЕВЬЮ/продукция/П2721_0.jpeg,/prevyu/produktsiya/p2721-0.jpeg
/ПРЕВЬЮ/продукция/П2721_1.jpeg,/prevyu/produktsiya/p2721-1.jpeg
/ПРЕВЬЮ/продукция/Таз 10л_0.jpeg,/prevyu/produktsiya/taz-10l-0.jpeg
/ПРЕВЬЮ/продукция/Таз 10л_1.jpeg,/prevyu/produktsiya/taz-10l-1.jpeg
/ПРЕВЬЮ/продукция/Таз 10л_2.jpeg,/prevyu/produktsiya/taz-10l-2.jpeg
/ПРЕВЬЮ/продукция/Таз 10л_3.jpeg,/prevyu/produktsiya/taz-10l-3.jpeg
/ПРЕВЬЮ/продукция/Таз 15л_0.jpeg,/prevyu/produktsiya/taz-15l-0.jpeg
/ПРЕВЬЮ/продукция/Таз 15л_1.jpeg,/prevyu/produktsiya/taz-15l-1.jpeg
/ПРЕВЬЮ/продукция/Таз 15л_2.jpeg,/prevyu/produktsiya/taz-15l-2.jpeg
/ПРЕВЬЮ/продукция/Таз 15л_3.jpeg,/prevyu/produktsiya/taz-15l-3.jpeg
/ПРЕВЬЮ/продукция/Ящик полимерный_1.jpeg,/prevyu/produktsiya/yaschik-polimernyi-1.jpeg
/ПРЕВЬЮ/продукция/Ящик полимерный_2.jpeg,/prevyu/produktsiya/yaschik-polimernyi-2.jpeg
/ПРЕВЬЮ/продукция/Ящик полимерный_3.jpeg,/prevyu/produktsiya/yaschik-polimernyi-3.jpeg
/ПРЕВЬЮ/россыпь пластика/беж_1.jpeg,/prevyu/rossyp-plastika/bezh-1.jpeg
/ПРЕВЬЮ/россыпь пластика/беж_2.jpeg,/prevyu/rossyp-plastika/bezh-2.jpeg
/ПРЕВЬЮ/россыпь пластика/бел_1.jpeg,/prevyu/rossyp-plastika/bel-1.jpeg
/ПРЕВЬЮ/россыпь пластика/бел_2.jpeg,/prevyu/rossyp-plastika/bel-2.jpeg
/ПРЕВЬЮ/россыпь пластика/кр_1.jpeg,/prevyu/rossyp-plastika/kr-1.jpeg
/ПРЕВЬЮ/россыпь пластика/кр_2.jpeg,/prevyu/rossyp-plastika/kr-2.jpeg
/ПРЕВЬЮ/россыпь пластика/набоор_1.jpeg,/prevyu/rossyp-plastika/naboor-1.jpeg
/ПРЕВЬЮ/россыпь пластика/набор_2.jpeg,/prevyu/rossyp-plastika/nabor-2.jpeg
/ПРЕВЬЮ/россыпь пластика/набор_3.jpeg,/prevyu/rossyp-plastika/nabor-3.jpeg
/ПРЕВЬЮ/россыпь пластика/россыпь_1.jpeg,/prevyu/rossyp-plastika/rossyp-1.jpeg
/ПРЕВЬЮ/россыпь пластика/россыпь_2.jpeg,/prevyu/rossyp-plastika/rossyp-2.jpeg
/ПРЕВЬЮ/россыпь пластика/россыпь_3.jpeg,/prevyu/rossyp-plastika/rossyp-3.jpeg
/ПРЕВЬЮ/россыпь пластика/россыпь_4.jpeg,/prevyu/rossyp-plastika/rossyp-4.jpeg
/ПРЕВЬЮ/россыпь пластика/россыпь_5.jpeg,/prevyu/rossyp-plastika/rossyp-5.jpeg
/ПРЕВЬЮ/россыпь пластика/россыпь_6.jpeg,/prevyu/rossyp-plastika/rossyp-6.jpeg
/ПРЕВЬЮ/россыпь пластика/россыпь_7.jpeg,/prevyu/rossyp-plastika/rossyp-7.jpeg
/ПРЕВЬЮ/россыпь пластика/россыпь_8.jpeg,/prevyu/rossyp-plastika/rossyp-8.jpeg
/ПРЕВЬЮ/россыпь пластика/россыпь_9.jpeg,/prevyu/rossyp-plastika/rossyp-9.jpeg
/ПРЕВЬЮ/россыпь пластика/син_1.jpeg,/prevyu/rossyp-plastika/sin-1.jpeg
/ПРЕВЬЮ/россыпь пластика/син_2.jpeg,/prevyu/rossyp-plastika/sin-2.jpeg
/ПРЕВЬЮ/россыпь пластика/смесь_1.jpeg,/prevyu/rossyp-plastika/smes-1.jpeg
/ПРЕВЬЮ/россыпь пластика/смесь_2.jpeg,/prevyu/rossyp-plastika/smes-2.jpeg
/ПРЕВЬЮ/россыпь пластика/смесь_3.jpeg,/prevyu/rossyp-plastika/smes-3.jpeg
/ПРЕВЬЮ/россыпь пластика/смесь_4.jpeg,/prevyu/rossyp-plastika/smes-4.jpeg
/ПРЕВЬЮ/россыпь пластика/смесь_5.jpeg,/prevyu/rossyp-plastika/smes-5.jpeg
/ПРЕВЬЮ/россыпь пластика/смесь_6.jpeg,/prevyu/rossyp-plastika/smes-6.jpeg
/ПРЕВЬЮ/россыпь пластика/смесь_7.jpeg,/prevyu/rossyp-plastika/smes-7.jpeg
/ПРЕВЬЮ/россыпь пластика/смесь_8.jpeg,/prevyu/rossyp-plastika/smes-8.jpeg
/ПРЕВЬЮ/россыпь пластика/черн_1.jpeg,/prevyu/rossyp-plastika/chern-1.jpeg
/ПРЕВЬЮ/россыпь пластика/черн_2.jpeg,/prevyu/rossyp-plastika/chern-2.jpeg
"/ПРЕВЬЮ/трубки/СП 2147-04,06_0.jpeg",/prevyu/trubki/sp-2147-04-06-0.jpeg
"/ПРЕВЬЮ/трубки/СП 2147-04,06_1.jpeg",/prevyu/trubki/sp-2147-04-06-1.jpeg
"/ПРЕВЬЮ/трубки/СП 2148-02, СП 2148-03_0.jpeg",/prevyu/trubki/sp-2148-02-sp-2148-03-0.jpeg
/ПРЕВЬЮ/трубки/СП 2148-03_1.jpeg,/prevyu/trubki/sp-2148-03-1.jpeg
/ПРЕВЬЮ/трубки/СП 2158-02_0.jpeg,/prevyu/trubki/sp-2158-02-0.jpeg
/ПРЕВЬЮ/трубки/СП 2158-02_1.jpeg,/prevyu/trubki/sp-2158-02-1.jpeg
/ПРЕВЬЮ/трубки/СП 2158-02_2.jpeg,/prevyu/trubki/sp-2158-02-2.jpeg
/ПРЕВЬЮ/трубки/СП 2158_0.jpeg,/prevyu/trubki/sp-2158-0.jpeg
/ПРЕВЬЮ/трубки/СП 2158_1.jpeg,/prevyu/trubki/sp-2158-1.jpeg
/ПРЕВЬЮ/трубки/СП 2158_2.jpeg,/prevyu/trubki/sp-2158-2.jpeg
/ПРЕВЬЮ/трубки/СП 2187_0.jpeg,/prevyu/trubki/sp-2187-0.jpeg
/ПРЕВЬЮ/трубки/СП 2187_1.jpeg,/prevyu/trubki/sp-2187-1.jpeg
/ПРЕВЬЮ/трубки/СП 2187_2.jpeg,/prevyu/trubki/sp-2187-2.jpeg
/ПРЕВЬЮ/трубки/СП 2320-01_1.jpeg,/prevyu/trubki/sp-2320-01-1.jpeg
/ПРЕВЬЮ/трубки/СП 2320-01_2.jpeg,/prevyu/trubki/sp-2320-01-2.jpeg
/ПРЕВЬЮ/трубки/СП 2320-02_0.jpeg,/prevyu/trubki/sp-2320-02-0.jpeg
/ПРЕВЬЮ/трубки/СП 2320-02_1.jpeg,/prevyu/trubki/sp-2320-02-1.jpeg
/ПРЕВЬЮ/трубки/СП 2320-03_0.jpeg,/prevyu/trubki/sp-2320-03-0.jpeg
/ПРЕВЬЮ/трубки/СП 2320-03_1.jpeg,/prevyu/trubki/sp-2320-03-1.jpeg
/ПРЕВЬЮ/трубки/СП 2320-03_2.jpeg,/prevyu/trubki/sp-2320-03-2.jpeg
/ПРЕВЬЮ/трубки/СП 2320-04_0.jpeg,/prevyu/trubki/sp-2320-04-0.jpeg
/ПРЕВЬЮ/трубки/СП 2320-04_1.jpeg,/prevyu/trubki/sp-2320-04-1.jpeg
/ПРЕВЬЮ/трубки/СП 2320-04_2.jpeg,/prevyu/trubki/sp-2320-04-2.jpeg
/ПРЕВЬЮ/трубки/СП 2320-05_0.jpeg,/prevyu/trubki/sp-2320-05-0.jpeg
/ПРЕВЬЮ/трубки/СП 2320-05_1.jpeg,/prevyu/trubki/sp-2320-05-1.jpeg
/ПРЕВЬЮ/трубки/СП 2320-05_2.jpeg,/prevyu/trubki/sp-2320-05-2.jpeg
/ПРЕВЬЮ/трубки/СП 2320-06_0.jpeg,/prevyu/trubki/sp-2320-06-0.jpeg
/ПРЕВЬЮ/трубки/СП 2320-06_1.jpeg,/prevyu/trubki/sp-2320-06-1.jpeg
/ПРЕВЬЮ/трубки/СП 2320-07_0.jpeg,/prevyu/trubki/sp-2320-07-0.jpeg
/ПРЕВЬЮ/трубки/СП 2320-07_1.jpeg,/prevyu/trubki/sp-2320-07-1.jpeg
/ПРЕВЬЮ/трубки/СП 2320-07_2.jpeg,/prevyu/trubki/sp-2320-07-2.jpeg
/ПРЕВЬЮ/трубки/СП 2320-09_0.jpeg,/prevyu/trubki/sp-2320-09-0.jpeg
/ПРЕВЬЮ/трубки/СП 2320-09_1.jpeg,/prevyu/trubki/sp-2320-09-1.jpeg
/ПРЕВЬЮ/трубки/СП 2320-09_2.jpeg,/prevyu/trubki/sp-2320-09-2.jpeg
/ПРЕВЬЮ/трубки/СП 2320_0.jpeg,/prevyu/trubki/sp-2320-0.jpeg
/ПРЕВЬЮ/трубки/СП 2320_1.jpeg,/prevyu/trubki/sp-2320-1.jpeg
/ПРЕВЬЮ/трубки/СП 2320_2.jpeg,/prevyu/trubki/sp-2320-2.jpeg
/ПРЕВЬЮ/трубки/СП 2321-01_0.jpeg,/prevyu/trubki/sp-2321-01-0.jpeg
/ПРЕВЬЮ/трубки/СП 2321-01_1.jpeg,/prevyu/trubki/sp-2321-01-1.jpeg
/ПРЕВЬЮ/трубки/СП 2321-01_2.jpeg,/prevyu/trubki/sp-2321-01-2.jpeg
/ПРЕВЬЮ/трубки/СП 2321-02_0.jpeg,/prevyu/trubki/sp-2321-02-0.jpeg
/ПРЕВЬЮ/трубки/СП 2321-02_1.jpeg,/prevyu/trubki/sp-2321-02-1.jpeg
/ПРЕВЬЮ/трубки/СП 2321-03_0.jpeg,/prevyu/trubki/sp-2321-03-0.jpeg
/ПРЕВЬЮ/трубки/СП 2321-03_1.jpeg,/prevyu/trubki/sp-2321-03-1.jpeg
/ПРЕВЬЮ/трубки/СП 2321-03_2.jpeg,/prevyu/trubki/sp-2321-03-2.jpeg
/ПРЕВЬЮ/трубки/СП 2321-04_0.jpeg,/prevyu/trubki/sp-2321-04-0.jpeg
/ПРЕВЬЮ/трубки/СП 2321-04_1.jpeg,/prevyu/trubki/sp-2321-04-1.jpeg
/ПРЕВЬЮ/трубки/СП 2488_0.jpeg,/prevyu/trubki/sp-2488-0.jpeg
/ПРЕВЬЮ/трубки/СП 2488_1.jpeg,/prevyu/trubki/sp-2488-1.jpeg
/ПРЕВЬЮ/трубки/СП 2488_2.jpeg,/prevyu/trubki/sp-2488-2.jpeg
/ПРЕВЬЮ/трубки/СП 2516_0.jpeg,/prevyu/trubki/sp-2516-0.jpeg
/ПРЕВЬЮ/трубки/СП 2516_1.jpeg,/prevyu/trubki/sp-2516-1.jpeg
/ПРЕВЬЮ/трубки/СП 2516_2.jpeg,/prevyu/trubki/sp-2516-2.jpeg
/ПРЕВЬЮ/трубки/СП 2516_3.jpeg,/prevyu/trubki/sp-2516-3.jpeg
/ПРЕВЬЮ/трубки/СП 2900_0.jpeg,/prevyu/trubki/sp-2900-0.jpeg
/ПРЕВЬЮ/трубки/СП 2900_1.jpeg,/prevyu/trubki/sp-2900-1.jpeg
/ПРЕВЬЮ/трубки/СП 2974_0.jpeg,/prevyu/trubki/sp-2974-0.jpeg
/ПРЕВЬЮ/трубки/СП 2974_1.jpeg,/prevyu/trubki/sp-2974-1.jpeg
/ПРЕВЬЮ/трубки/СП АЗЛК -248_0.jpeg,/prevyu/trubki/sp-azlk-248-0.jpeg
/ПРЕВЬЮ/трубки/СП АЗЛК -248_1.jpeg,/prevyu/trubki/sp-azlk-248-1.jpeg
/ПРЕВЬЮ/трубки/СП Г-03_0.jpeg,/prevyu/trubki/sp-g-03-0.jpeg
/ПРЕВЬЮ/трубки/СП Г-03_1.jpeg,/prevyu/trubki/sp-g-03-1.jpeg
/ПРЕВЬЮ/трубки/СП Г-03_2.jpeg,/prevyu/trubki/sp-g-03-2.jpeg
/ПРЕВЬЮ/трубки/СП Г-08_0.jpeg,/prevyu/trubki/sp-g-08-0.jpeg
/ПРЕВЬЮ/трубки/СП Г-08_1.jpeg,/prevyu/trubki/sp-g-08-1.jpeg
/ПРЕВЬЮ/трубки/СП Г-08_2.jpeg,/prevyu/trubki/sp-g-08-2.jpeg
"/ПРЕВЬЮ/трубки/СП ГЛ-860,860А,860Б,860В_0.jpeg",/prevyu/trubki/sp-gl-860-860a-860b-860v-0.jpeg
"/ПРЕВЬЮ/трубки/СП ГЛ-860,860А,860Б,860В_1.jpeg",/prevyu/trubki/sp-gl-860-860a-860b-860v-1.jpeg
"/ПРЕВЬЮ/трубки/СП ГЛ-860,860А,860Б,860В_2.jpeg",/prevyu/trubki/sp-gl-860-860a-860b-860v-2.jpeg
/ПРЕВЬЮ/трубки/СП ИМ-03_0.jpeg,/prevyu/trubki/sp-im-03-0.jpeg
/ПРЕВЬЮ/трубки/СП ИМ-03_1.jpeg,/prevyu/trubki/sp-im-03-1.jpeg
/ПРЕВЬЮ/трубки/СП ИМ-03_2.jpeg,/prevyu/trubki/sp-im-03-2.jpeg
/ПРЕВЬЮ/трубки/СП КА-30_1.jpeg,/prevyu/trubki/sp-ka-30-1.jpeg
/ПРЕВЬЮ/трубки/СП КА-30_2.jpeg,/prevyu/trubki/sp-ka-30-2.jpeg
/ПРЕВЬЮ/трубки/СП КА-523_0.jpeg,/prevyu/trubki/sp-ka-523-0.jpeg
/ПРЕВЬЮ/трубки/СП КА-523_1.jpeg,/prevyu/trubki/sp-ka-523-1.jpeg
/ПРЕВЬЮ/трубки/СП КА-523_2.jpeg,/prevyu/trubki/sp-ka-523-2.jpeg
/ПРЕВЬЮ/трубки/СП КА-524_0.jpeg,/prevyu/trubki/sp-ka-524-0.jpeg
/ПРЕВЬЮ/трубки/СП КА-524_1.jpeg,/prevyu/trubki/sp-ka-524-1.jpeg
/ПРЕВЬЮ/трубки/СП КА-524_2.jpeg,/prevyu/trubki/sp-ka-524-2.jpeg
/ПРЕВЬЮ/трубки/СП МКП-01_0.jpeg,/prevyu/trubki/sp-mkp-01-0.jpeg
/ПРЕВЬЮ/трубки/СП МКП-01_1.jpeg,/prevyu/trubki/sp-mkp-01-1.jpeg
/ПРЕВЬЮ/трубки/СП МКП-01_2.jpeg,/prevyu/trubki/sp-mkp-01-2.jpeg
/ПРЕВЬЮ/трубки/СП РЛ-232_0.jpeg,/prevyu/trubki/sp-rl-232-0.jpeg
/ПРЕВЬЮ/трубки/СП РЛ-232_1.jpeg,/prevyu/trubki/sp-rl-232-1.jpeg
/ПРЕВЬЮ/трубки/СП РЛ-232_2.jpeg,/prevyu/trubki/sp-rl-232-2.jpeg
"/ПРЕВЬЮ/трубки/СП РУС-02А, 02Б_0.jpeg",/prevyu/trubki/sp-rus-02a-02b-0.jpeg
"/ПРЕВЬЮ/трубки/СП РУС-02А, 02Б_1.jpeg",/prevyu/trubki/sp-rus-02a-02b-1.jpeg
"/ПРЕВЬЮ/трубки/СП РУС-02А, 02Б_2.jpeg",/prevyu/trubki/sp-rus-02a-02b-2.jpeg
"/ПРЕВЬЮ/трубки/СП РУС-03-2(А, 2(Б_0.jpeg",/prevyu/trubki/sp-rus-03-2-a-2-b-0.jpeg
"/ПРЕВЬЮ/трубки/СП РУС-03-2(А, 2(Б_1.jpeg",/prevyu/trubki/sp-rus-03-2-a-2-b-1.jpeg
"/ПРЕВЬЮ/трубки/СП РУС-03-2(А, 2(Б_2.jpeg",/prevyu/trubki/sp-rus-03-2-a-2-b-2.jpeg
/ПРЕВЬЮ/трубки/СП РУС-03_0.jpeg,/prevyu/trubki/sp-rus-03-0.jpeg
/ПРЕВЬЮ/трубки/СП РУС-03_1.jpeg,/prevyu/trubki/sp-rus-03-1.jpeg
/ПРЕВЬЮ/трубки/СП РУС-03_2.jpeg,/prevyu/trubki/sp-rus-03-2.jpeg
"/ПРЕВЬЮ/трубки/СП РУС-04А, 04Б_0.jpeg",/prevyu/trubki/sp-rus-04a-04b-0.jpeg
"/ПРЕВЬЮ/трубки/СП РУС-04А, 04Б_1.jpeg",/prevyu/trubki/sp-rus-04a-04b-1.jpeg
"/ПРЕВЬЮ/трубки/СП РУС-04А, 04Б_2.jpeg",/prevyu/trubki/sp-rus-04a-04b-2.jpeg
/ПРЕВЬЮ/трубки/СП РУС-108_0.jpeg,/prevyu/trubki/sp-rus-108-0.jpeg
/ПРЕВЬЮ/трубки/СП РУС-108_1.jpeg,/prevyu/trubki/sp-rus-108-1.jpeg
/ПРЕВЬЮ/трубки/СП РУС-108_2.jpeg,/prevyu/trubki/sp-rus-108-2.jpeg
/ПРЕВЬЮ/трубки/СП РУС-12_0.jpeg,/prevyu/trubki/sp-rus-12-0.jpeg
/ПРЕВЬЮ/трубки/СП РУС-12_1.jpeg,/prevyu/trubki/sp-rus-12-1.jpeg
/ПРЕВЬЮ/трубки/СП РУС-12_2.jpeg,/prevyu/trubki/sp-rus-12-2.jpeg
"/ПРЕВЬЮ/трубки/СП РУС-24,24А_0.jpeg",/prevyu/trubki/sp-rus-24-24a-0.jpeg
"/ПРЕВЬЮ/трубки/СП РУС-24,24А_2.jpeg",/prevyu/trubki/sp-rus-24-24a-2.jpeg
/ПРЕВЬЮ/трубки/СП РУС-24_1.jpeg,/prevyu/trubki/sp-rus-24-1.jpeg
"/ПРЕВЬЮ/трубки/СП РУС-31, 31А, 31Б, 31В_0.jpeg",/prevyu/trubki/sp-rus-31-31a-31b-31v-0.jpeg
"/ПРЕВЬЮ/трубки/СП РУС-31, 31А, 31Б, 31В_1.jpeg",/prevyu/trubki/sp-rus-31-31a-31b-31v-1.jpeg
"/ПРЕВЬЮ/трубки/СП РУС-31, 31А, 31Б, 31В_2.jpeg",/prevyu/trubki/sp-rus-31-31a-31b-31v-2.jpeg
/ПРЕВЬЮ/трубки/СП РУС-33_0.jpeg,/prevyu/trubki/sp-rus-33-0.jpeg
/ПРЕВЬЮ/трубки/СП РУС-33_1.jpeg,/prevyu/trubki/sp-rus-33-1.jpeg
/ПРЕВЬЮ/трубки/СП РУС-33_2.jpeg,/prevyu/trubki/sp-rus-33-2.jpeg
/ПРЕВЬЮ/трубки/СП РУС-42_0.jpeg,/prevyu/trubki/sp-rus-42-0.jpeg
/ПРЕВЬЮ/трубки/СП РУС-42_1.jpeg,/prevyu/trubki/sp-rus-42-1.jpeg
/ПРЕВЬЮ/трубки/СП РУС-42_2.jpeg,/prevyu/trubki/sp-rus-42-2.jpeg
/ПРЕВЬЮ/трубки/СП УАЗ-02_0.jpeg,/prevyu/trubki/sp-uaz-02-0.jpeg
/ПРЕВЬЮ/трубки/СП УАЗ-02_1.jpeg,/prevyu/trubki/sp-uaz-02-1.jpeg
/ПРЕВЬЮ/трубки/СП УАЗ-02_2.jpeg,/prevyu/trubki/sp-uaz-02-2.jpeg
/ПРЕВЬЮ/трубки/СП УАЗ-02_3.jpeg,/prevyu/trubki/sp-uaz-02-3.jpeg
/ПРЕВЬЮ/трубки/СП Ф-08Б_0.jpeg,/prevyu/trubki/sp-f-08b-0.jpeg
/ПРЕВЬЮ/трубки/СП Ф-08Б_1.jpeg,/prevyu/trubki/sp-f-08b-1.jpeg
/ПРЕВЬЮ/трубки/СП Ф-104_0.jpeg,/prevyu/trubki/sp-f-104-0.jpeg
/ПРЕВЬЮ/трубки/СП Ф-104_1.jpeg,/prevyu/trubki/sp-f-104-1.jpeg
/ПРЕВЬЮ/трубки/СП Ф-104_2.jpeg,/prevyu/trubki/sp-f-104-2.jpeg
/ПРЕВЬЮ/трубки/СП Ф-10Б_0.jpeg,/prevyu/trubki/sp-f-10b-0.jpeg
/ПРЕВЬЮ/трубки/СП Ф-10Б_1.jpeg,/prevyu/trubki/sp-f-10b-1.jpeg
/ПРЕВЬЮ/трубки/СП Ф-10Б_2.jpeg,/prevyu/trubki/sp-f-10b-2.jpeg
/ПРЕВЬЮ/трубки/СП Ф-11_0.jpeg,/prevyu/trubki/sp-f-11-0.jpeg
/ПРЕВЬЮ/трубки/СП Ф-11_1.jpeg,/prevyu/trubki/sp-f-11-1.jpeg
/ПРЕВЬЮ/трубки/СП Ф-11Б_1(трубка без липучки).jpeg,/prevyu/trubki/sp-f-11b-1-trubka-bez-lipuchki.jpeg
/ПРЕВЬЮ/трубки/СП Ф-11Б_2 (без полой трубы).jpeg,/prevyu/trubki/sp-f-11b-2-bez-poloi-truby.jpeg
/ПРЕВЬЮ/трубки/СП Ф-11Б_2.jpeg,/prevyu/trubki/sp-f-11b-2.jpeg
/ПРЕВЬЮ/трубки/СП Ф-123_0.jpeg,/prevyu/trubki/sp-f-123-0.jpeg
/ПРЕВЬЮ/трубки/СП Ф-123_1.jpeg,/prevyu/trubki/sp-f-123-1.jpeg
/ПРЕВЬЮ/трубки/СП Ф-123_2.jpeg,/prevyu/trubki/sp-f-123-2.jpeg
"/ПРЕВЬЮ/трубки/СП Ф-124Л, Ф-124К_0.jpeg",/prevyu/trubki/sp-f-124l-f-124k-0.jpeg
"/ПРЕВЬЮ/трубки/СП Ф-124Л, Ф-124К_1.jpeg",/prevyu/trubki/sp-f-124l-f-124k-1.jpeg
"/ПРЕВЬЮ/трубки/СП Ф-124Л, Ф-124К_2.jpeg",/prevyu/trubki/sp-f-124l-f-124k-2.jpeg
"/ПРЕВЬЮ/трубки/СП Ф-138, 142_0.jpeg",/prevyu/trubki/sp-f-138-142-0.jpeg
"/ПРЕВЬЮ/трубки/СП Ф-138, 142_1.jpeg",/prevyu/trubki/sp-f-138-142-1.jpeg
"/ПРЕВЬЮ/трубки/СП Ф-138, 142_2.jpeg",/prevyu/trubki/sp-f-138-142-2.jpeg
/ПРЕВЬЮ/трубки/СП Ф-154И_0.jpeg,/prevyu/trubki/sp-f-154i-0.jpeg
/ПРЕВЬЮ/трубки/СП Ф-154И_1.jpeg,/prevyu/trubki/sp-f-154i-1.jpeg
/ПРЕВЬЮ/трубки/СП Ф-154И_2.jpeg,/prevyu/trubki/sp-f-154i-2.jpeg
/ПРЕВЬЮ/трубки/СП Ф-181_0.jpeg,/prevyu/trubki/sp-f-181-0.jpeg
/ПРЕВЬЮ/трубки/СП Ф-181_1.jpeg,/prevyu/trubki/sp-f-181-1.jpeg
/ПРЕВЬЮ/трубки/СП Ф-181_2.jpeg,/prevyu/trubki/sp-f-181-2.jpeg
/ПРЕВЬЮ/трубки/СП Ф-182_0.jpeg,/prevyu/trubki/sp-f-182-0.jpeg
/ПРЕВЬЮ/трубки/СП Ф-182_1.jpeg,/prevyu/trubki/sp-f-182-1.jpeg
/ПРЕВЬЮ/трубки/СП Ф-182_2.jpeg,/prevyu/trubki/sp-f-182-2.jpeg
/ПРЕВЬЮ/трубки/СП Ф-183_0.jpeg,/prevyu/trubki/sp-f-183-0.jpeg
/ПРЕВЬЮ/трубки/СП Ф-183_1.jpeg,/prevyu/trubki/sp-f-183-1.jpeg
/ПРЕВЬЮ/трубки/СП Ф-183_2.jpeg,/prevyu/trubki/sp-f-183-2.jpeg
/ПРЕВЬЮ/трубки/СП Ф-184_0.jpeg,/prevyu/trubki/sp-f-184-0.jpeg
/ПРЕВЬЮ/трубки/СП Ф-184_1.jpeg,/prevyu/trubki/sp-f-184-1.jpeg
/ПРЕВЬЮ/трубки/СП Ф-184_2.jpeg,/prevyu/trubki/sp-f-184-2.jpeg
/ПРЕВЬЮ/трубки/СП Ф-185_0.jpeg,/prevyu/trubki/sp-f-185-0.jpeg
/ПРЕВЬЮ/трубки/СП Ф-185_1.jpeg,/prevyu/trubki/sp-f-185-1.jpeg
/ПРЕВЬЮ/трубки/СП Ф-185_2.jpeg,/prevyu/trubki/sp-f-185-2.jpeg
/ПРЕВЬЮ/трубки/СП Ф-186_0.jpeg,/prevyu/trubki/sp-f-186-0.jpeg
/ПРЕВЬЮ/трубки/СП Ф-186_1.jpeg,/prevyu/trubki/sp-f-186-1.jpeg
/ПРЕВЬЮ/трубки/СП Ф-186_2.jpeg,/prevyu/trubki/sp-f-186-2.jpeg
/ПРЕВЬЮ/трубки/СП Ф-187_0.jpeg,/prevyu/trubki/sp-f-187-0.jpeg
/ПРЕВЬЮ/трубки/СП Ф-187_1.jpeg,/prevyu/trubki/sp-f-187-1.jpeg
/ПРЕВЬЮ/трубки/СП Ф-187_2.jpeg,/prevyu/trubki/sp-f-187-2.jpeg
/ПРЕВЬЮ/трубки/СП Ф-190_0.jpeg,/prevyu/trubki/sp-f-190-0.jpeg
/ПРЕВЬЮ/трубки/СП Ф-190_1.jpeg,/prevyu/trubki/sp-f-190-1.jpeg
/ПРЕВЬЮ/трубки/СП Ф-225_0.jpeg,/prevyu/trubki/sp-f-225-0.jpeg
/ПРЕВЬЮ/трубки/СП Ф-225_1.jpeg,/prevyu/trubki/sp-f-225-1.jpeg
/ПРЕВЬЮ/трубки/СП Ф-225_2.jpeg,/prevyu/trubki/sp-f-225-2.jpeg
/ПРЕВЬЮ/трубки/СП Ф-225_3.jpeg,/prevyu/trubki/sp-f-225-3.jpeg
/ПРЕВЬЮ/трубки/СП Ф-22_0.jpeg,/prevyu/trubki/sp-f-22-0.jpeg
/ПРЕВЬЮ/трубки/СП Ф-22_1.jpeg,/prevyu/trubki/sp-f-22-1.jpeg
/ПРЕВЬЮ/трубки/СП Ф-22_2.jpeg,/prevyu/trubki/sp-f-22-2.jpeg
/ПРЕВЬЮ/трубки/СП Ф-23_0.jpeg,/prevyu/trubki/sp-f-23-0.jpeg
/ПРЕВЬЮ/трубки/СП Ф-23_1.jpeg,/prevyu/trubki/sp-f-23-1.jpeg
/ПРЕВЬЮ/трубки/СП Ф-23_2.jpeg,/prevyu/trubki/sp-f-23-2.jpeg
/ПРЕВЬЮ/трубки/СП Ф-29В_0.jpeg,/prevyu/trubki/sp-f-29v-0.jpeg
/ПРЕВЬЮ/трубки/СП Ф-29В_1.jpeg,/prevyu/trubki/sp-f-29v-1.jpeg
/ПРЕВЬЮ/трубки/СП Ф-29В_2.jpeg,/prevyu/trubki/sp-f-29v-2.jpeg
/ПРЕВЬЮ/трубки/СП Ф-30_0.jpeg,/prevyu/trubki/sp-f-30-0.jpeg
/ПРЕВЬЮ/трубки/СП Ф-30_1.jpeg,/prevyu/trubki/sp-f-30-1.jpeg
/ПРЕВЬЮ/трубки/СП Ф-30_2.jpeg,/prevyu/trubki/sp-f-30-2.jpeg
/ПРЕВЬЮ/трубки/СП Ф-31_0.jpeg,/prevyu/trubki/sp-f-31-0.jpeg
/ПРЕВЬЮ/трубки/СП Ф-31_1.jpeg,/prevyu/trubki/sp-f-31-1.jpeg
/ПРЕВЬЮ/фасад/FURS0002.jpeg,/prevyu/fasad/furs0002.jpeg
/ПРЕВЬЮ/фасад/FURS0002_1.jpeg,/prevyu/fasad/furs0002-1.jpeg
/ПРЕВЬЮ/фасад/FURS0003.jpeg,/prevyu/fasad/furs0003.jpeg
/ПРЕВЬЮ/фасад/FURS0003_1.jpeg,/prevyu/fasad/furs0003-1.jpeg
/ПРЕВЬЮ/фасад/FURS0004.jpeg,/prevyu/fasad/furs0004.jpeg
/ПРЕВЬЮ/фасад/FURS0004_1.jpeg,/prevyu/fasad/furs0004-1.jpeg
/ПРЕВЬЮ/фасад/FURS0005.jpeg,/prevyu/fasad/furs0005.jpeg
/ПРЕВЬЮ/фасад/FURS0005_1.jpeg,/prevyu/fasad/furs0005-1.jpeg
/ПРЕВЬЮ/фасад/FURS0006.jpeg,/prevyu/fasad/furs0006.jpeg
/ПРЕВЬЮ/фасад/FURS0006_1.jpeg,/prevyu/fasad/furs0006-1.jpeg
/ПРЕВЬЮ/фасад/FURS0007.jpeg,/prevyu/fasad/furs0007.jpeg
/ПРЕВЬЮ/фасад/FURS0007_1.jpeg,/prevyu/fasad/furs0007-1.jpeg
/ПРЕВЬЮ/фасад/FURS0008.jpeg,/prevyu/fasad/furs0008.jpeg
/ПРЕВЬЮ/фасад/FURS0008_1.jpeg,/prevyu/fasad/furs0008-1.jpeg
/ПРЕВЬЮ/фасад/FURS0009.jpeg,/prevyu/fasad/furs0009.jpeg
/ПРЕВЬЮ/фасад/FURS0009_1.jpeg,/prevyu/fasad/furs0009-1.jpeg
/ПРЕВЬЮ/фасад/FURS0010.jpeg,/prevyu/fasad/furs0010.jpeg
/ПРЕВЬЮ/фасад/FURS0010_1.jpeg,/prevyu/fasad/furs0010-1.jpeg
/ПРЕВЬЮ/фасад/FURS0011.jpeg,/prevyu/fasad/furs0011.jpeg
/ПРЕВЬЮ/фасад/FURS0011_1.jpeg,/prevyu/fasad/furs0011-1.jpeg
/ПРЕВЬЮ/фасад/FURS0012.jpeg,/prevyu/fasad/furs0012.jpeg
/ПРЕВЬЮ/фасад/FURS0012_1.jpeg,/prevyu/fasad/furs0012-1.jpeg
/ПРЕВЬЮ/фасад/FURS0013.jpeg,/prevyu/fasad/furs0013.jpeg
/ПРЕВЬЮ/фасад/FURS0013_1.jpeg,/prevyu/fasad/furs0013-1.jpeg
/ПРЕВЬЮ/фасад/FURS0014.jpeg,/prevyu/fasad/furs0014.jpeg
/ПРЕВЬЮ/фасад/FURS0014_1.jpeg,/prevyu/fasad/furs0014-1.jpeg
/ПРЕВЬЮ/фасад/FURS0015.jpeg,/prevyu/fasad/furs0015.jpeg
/ПРЕВЬЮ/фасад/FURS0015_1.jpeg,/prevyu/fasad/furs0015-1.jpeg
/ПРЕВЬЮ/фасад/FURS0016.jpeg,/prevyu/fasad/furs0016.jpeg
/ПРЕВЬЮ/фасад/FURS0016_1.jpeg,/prevyu/fasad/furs0016-1.jpeg
/ПРЕВЬЮ/фасад/FURS0017.jpeg,/prevyu/fasad/furs0017.jpeg
/ПРЕВЬЮ/фасад/FURS0017_1.jpeg,/prevyu/fasad/furs0017-1.jpeg
/ПРЕВЬЮ/фасад/FURS0018.jpeg,/prevyu/fasad/furs0018.jpeg
/ПРЕВЬЮ/фасад/FURS0018_1.jpeg,/prevyu/fasad/furs0018-1.jpeg
/ПРЕВЬЮ/фасад/FURS0019.jpeg,/prevyu/fasad/furs0019.jpeg
/ПРЕВЬЮ/фасад/FURS0019_1.jpeg,/prevyu/fasad/furs0019-1.jpeg
/ПРЕВЬЮ/фасад/FURS0020.jpeg,/prevyu/fasad/furs0020.jpeg
/ПРЕВЬЮ/фасад/FURS0020_1.jpeg,/prevyu/fasad/furs0020-1.jpeg
/ПРЕВЬЮ/фасад/FURS0021.jpeg,/prevyu/fasad/furs0021.jpeg
/ПРЕВЬЮ/фасад/FURS0021_1.jpeg,/prevyu/fasad/furs0021-1.jpeg
/ПРЕВЬЮ/фасад/FURS0022.jpeg,/prevyu/fasad/furs0022.jpeg
/ПРЕВЬЮ/фасад/FURS0022_1.jpeg,/prevyu/fasad/furs0022-1.jpeg
/ПРЕВЬЮ/фасад/FURS0023.jpeg,/prevyu/fasad/furs0023.jpeg
/ПРЕВЬЮ/фасад/FURS0023_1.jpeg,/prevyu/fasad/furs0023-1.jpeg
/ПРЕВЬЮ/фасад/FURS0024.jpeg,/prevyu/fasad/furs0024.jpeg
/ПРЕВЬЮ/фасад/FURS0024_1.jpeg,/prevyu/fasad/furs0024-1.jpeg
/ПРЕВЬЮ/фасад/FURS0025.jpeg,/prevyu/fasad/furs0025.jpeg
/ПРЕВЬЮ/фасад/FURS0025_1.jpeg,/prevyu/fasad/furs0025-1.jpeg
/ПРЕВЬЮ/фасад/FURS0026.jpeg,/prevyu/fasad/furs0026.jpeg
/ПРЕВЬЮ/фасад/FURS0026_1.jpeg,/prevyu/fasad/furs0026-1.jpeg
/ПРЕВЬЮ/фасад/FURS0027.jpeg,/prevyu/fasad/furs0027.jpeg
/ПРЕВЬЮ/фасад/FURS0027_1.jpeg,/prevyu/fasad/furs0027-1.jpeg
/ПРЕВЬЮ/фасад/FURS0028.jpeg,/prevyu/fasad/furs0028.jpeg
/ПРЕВЬЮ/фасад/FURS0028_1.jpeg,/prevyu/fasad/furs0028-1.jpeg
/ПРЕВЬЮ/фасад/FURS0029.jpeg,/prevyu/fasad/furs0029.jpeg
/ПРЕВЬЮ/фасад/FURS0029_1.jpeg,/prevyu/fasad/furs0029-1.jpeg
/ПРЕВЬЮ/фасад/FURS0030.jpeg,/prevyu/fasad/furs0030.jpeg
/ПРЕВЬЮ/фасад/FURS0030_1.jpeg,/prevyu/fasad/furs0030-1.jpeg
/ПРЕВЬЮ/фасад/FURS0031.jpeg,/prevyu/fasad/furs0031.jpeg
/ПРЕВЬЮ/фасад/FURS0031_1.jpeg,/prevyu/fasad/furs0031-1.jpeg
/ПРЕВЬЮ/фасад/FURS0032.jpeg,/prevyu/fasad/furs0032.jpeg
/ПРЕВЬЮ/фасад/FURS0032_1.jpeg,/prevyu/fasad/furs0032-1.jpeg
/ПРЕВЬЮ/фасад/FURS0033.jpeg,/prevyu/fasad/furs0033.jpeg
/ПРЕВЬЮ/фасад/FURS0033_1.jpeg,/prevyu/fasad/furs0033-1.jpeg
/ПРЕВЬЮ/фасад/FURS0034.jpeg,/prevyu/fasad/furs0034.jpeg
/ПРЕВЬЮ/фасад/FURS0034_1.jpeg,/prevyu/fasad/furs0034-1.jpeg
/ПРЕВЬЮ/фасад/FURS0035.jpeg,/prevyu/fasad/furs0035.jpeg
/ПРЕВЬЮ/фасад/FURS0035_1.jpeg,/prevyu/fasad/furs0035-1.jpeg
/ПРЕВЬЮ/фасад/FURS0036.jpeg,/prevyu/fasad/furs0036.jpeg
/ПРЕВЬЮ/фасад/FURS0036_1.jpeg,/prevyu/fasad/furs0036-1.jpeg
/ПРЕВЬЮ/фасад/FURS0037.jpeg,/prevyu/fasad/furs0037.jpeg
/ПРЕВЬЮ/фасад/FURS0037_1.jpeg,/prevyu/fasad/furs0037-1.jpeg
/ПРЕВЬЮ/фасад/FURS0038.jpeg,/prevyu/fasad/furs0038.jpeg
/ПРЕВЬЮ/фасад/FURS0038_1.jpeg,/prevyu/fasad/furs0038-1.jpeg
/ПРЕВЬЮ/фасад/FURS0039.jpeg,/prevyu/fasad/furs0039.jpeg
/ПРЕВЬЮ/фасад/FURS0039_1.jpeg,/prevyu/fasad/furs0039-1.jpeg
/ПРЕВЬЮ/фасад/FURS0040.jpeg,/prevyu/fasad/furs0040.jpeg
/ПРЕВЬЮ/фасад/FURS0040_1.jpeg,/prevyu/fasad/furs0040-1.jpeg
/ПРЕВЬЮ/фасад/FURS0041.jpeg,/prevyu/fasad/furs0041.jpeg
/ПРЕВЬЮ/фасад/FURS0041_1.jpeg,/prevyu/fasad/furs0041-1.jpeg
/ПРЕВЬЮ/фасад/FURS0042.jpeg,/prevyu/fasad/furs0042.jpeg
/ПРЕВЬЮ/фасад/FURS0042_1.jpeg,/prevyu/fasad/furs0042-1.jpeg
/ПРЕВЬЮ/фасад/FURS0043.jpeg,/prevyu/fasad/furs0043.jpeg
/ПРЕВЬЮ/фасад/FURS0043_1.jpeg,/prevyu/fasad/furs0043-1.jpeg
/ПРЕВЬЮ/фасад/FURS0044.jpeg,/prevyu/fasad/furs0044.jpeg
/ПРЕВЬЮ/фасад/FURS0044_1.jpeg,/prevyu/fasad/furs0044-1.jpeg
/ПРЕВЬЮ/фасад/FURS0045.jpeg,/prevyu/fasad/furs0045.jpeg
/ПРЕВЬЮ/фасад/FURS0045_1.jpeg,/prevyu/fasad/furs0045-1.jpeg
/ПРЕВЬЮ/фасад/FURS0046.jpeg,/prevyu/fasad/furs0046.jpeg
/ПРЕВЬЮ/фасад/FURS0046_1.jpeg,/prevyu/fasad/furs0046-1.jpeg
/ПРЕВЬЮ/фасад/FURS0047.jpeg,/prevyu/fasad/furs0047.jpeg
/ПРЕВЬЮ/фасад/FURS0047_1.jpeg,/prevyu/fasad/furs0047-1.jpeg
/ПРЕВЬЮ/фасад/FURS0048.jpeg,/prevyu/fasad/furs0048.jpeg
/ПРЕВЬЮ/фасад/FURS0048_1.jpeg,/prevyu/fasad/furs0048-1.jpeg
/ПРЕВЬЮ/фасад/FURS0049.jpeg,/prevyu/fasad/furs0049.jpeg
/ПРЕВЬЮ/фасад/FURS0049_1.jpeg,/prevyu/fasad/furs0049-1.jpeg
/ПРЕВЬЮ/фасад/FURS0050.jpeg,/prevyu/fasad/furs0050.jpeg
/ПРЕВЬЮ/фасад/FURS0050_1.jpeg,/prevyu/fasad/furs0050-1.jpeg
/ПРЕВЬЮ/фасад/FURS0051.jpeg,/prevyu/fasad/furs0051.jpeg
/ПРЕВЬЮ/фасад/FURS0051_1.jpeg,/prevyu/fasad/furs0051-1.jpeg
/ПРЕВЬЮ/фасад/FURS0052.jpeg,/prevyu/fasad/furs0052.jpeg
/ПРЕВЬЮ/фасад/FURS0052_1.jpeg,/prevyu/fasad/furs0052-1.jpeg
/ПРЕВЬЮ/фасад/FURS0053.jpeg,/prevyu/fasad/furs0053.jpeg
/ПРЕВЬЮ/фасад/FURS0053_1.jpeg,/prevyu/fasad/furs0053-1.jpeg
/ПРЕВЬЮ/фасад/FURS0054.jpeg,/prevyu/fasad/furs0054.jpeg
/ПРЕВЬЮ/фасад/FURS0054_1.jpeg,/prevyu/fasad/furs0054-1.jpeg
/ПРЕВЬЮ/фасад/FURS0055.jpeg,/prevyu/fasad/furs0055.jpeg
/ПРЕВЬЮ/фасад/FURS0055_1.jpeg,/prevyu/fasad/furs0055-1.jpeg
/ПРЕВЬЮ/фасад/FURS0056.jpeg,/prevyu/fasad/furs0056.jpeg
/ПРЕВЬЮ/фасад/FURS0056_1.jpeg,/prevyu/fasad/furs0056-1.jpeg
/ПРЕВЬЮ/фасад/FURS0057.jpeg,/prevyu/fasad/furs0057.jpeg
/ПРЕВЬЮ/фасад/FURS0057_1.jpeg,/prevyu/fasad/furs0057-1.jpeg
/ПРЕВЬЮ/фасад/FURS0058.jpeg,/prevyu/fasad/furs0058.jpeg
/ПРЕВЬЮ/фасад/FURS0058_1.jpeg,/prevyu/fasad/furs0058-1.jpeg
/ПРЕВЬЮ/фасад/FURS0059.jpeg,/prevyu/fasad/furs0059.jpeg
/ПРЕВЬЮ/фасад/FURS0059_1.jpeg,/prevyu/fasad/furs0059-1.jpeg
/ПРЕВЬЮ/фасад/FURS0060.jpeg,/prevyu/fasad/furs0060.jpeg
/ПРЕВЬЮ/фасад/FURS0060_1.jpeg,/prevyu/fasad/furs0060-1.jpeg
/ПРЕВЬЮ/фасад/FURS0061.jpeg,/prevyu/fasad/furs0061.jpeg
/ПРЕВЬЮ/фасад/FURS0061_1.jpeg,/prevyu/fasad/furs0061-1.jpeg
/ПРЕВЬЮ/фасад/FURS0062.jpeg,/prevyu/fasad/furs0062.jpeg
/ПРЕВЬЮ/фасад/FURS0062_1.jpeg,/prevyu/fasad/furs0062-1.jpeg
/ПРЕВЬЮ/фасад/FURS0063.jpeg,/prevyu/fasad/furs0063.jpeg
/ПРЕВЬЮ/фасад/FURS0063_1.jpeg,/prevyu/fasad/furs0063-1.jpeg
/ПРЕВЬЮ/фасад/FURS0064.jpeg,/prevyu/fasad/furs0064.jpeg
/ПРЕВЬЮ/фасад/FURS0064_1.jpeg,/prevyu/fasad/furs0064-1.jpeg
/ПРЕВЬЮ/фасад/FURS0065.jpeg,/prevyu/fasad/furs0065.jpeg
/ПРЕВЬЮ/фасад/FURS0065_1.jpeg,/prevyu/fasad/furs0065-1.jpeg
/ПРЕВЬЮ/фасад/FURS0066.jpeg,/prevyu/fasad/furs0066.jpeg
/ПРЕВЬЮ/фасад/FURS0066_1.jpeg,/prevyu/fasad/furs0066-1.jpeg
/ПРЕВЬЮ/фасад/FURS0067.jpeg,/prevyu/fasad/furs0067.jpeg
/ПРЕВЬЮ/фасад/FURS0067_1.jpeg,/prevyu/fasad/furs0067-1.jpeg
/ПРЕВЬЮ/фасад/FURS0068.jpeg,/prevyu/fasad/furs0068.jpeg
/ПРЕВЬЮ/фасад/FURS0068_1.jpeg,/prevyu/fasad/furs0068-1.jpeg
/ПРЕВЬЮ/фасад/FURS0069.jpeg,/prevyu/fasad/furs0069.jpeg
/ПРЕВЬЮ/фасад/FURS0069_1.jpeg,/prevyu/fasad/furs0069-1.jpeg
/ПРЕВЬЮ/фасад/FURS0070.jpeg,/prevyu/fasad/furs0070.jpeg
/ПРЕВЬЮ/фасад/FURS0070_1.jpeg,/prevyu/fasad/furs0070-1.jpeg
/ПРЕВЬЮ/фасад/FURS0071.jpeg,/prevyu/fasad/furs0071.jpeg
/ПРЕВЬЮ/фасад/FURS0071_1.jpeg,/prevyu/fasad/furs0071-1.jpeg
/ПРЕВЬЮ/фасад/FURS0072.jpeg,/prevyu/fasad/furs0072.jpeg
/ПРЕВЬЮ/фасад/FURS0072_1.jpeg,/prevyu/fasad/furs0072-1.jpeg
/ПРЕВЬЮ/фасад/FURS0073.jpeg,/prevyu/fasad/furs0073.jpeg
/ПРЕВЬЮ/фасад/FURS0073_1.jpeg,/prevyu/fasad/furs0073-1.jpeg
/ПРЕВЬЮ/фасад/FURS0074.jpeg,/prevyu/fasad/furs0074.jpeg
/ПРЕВЬЮ/фасад/FURS0074_1.jpeg,/prevyu/fasad/furs0074-1.jpeg
/ПРЕВЬЮ/фасад/FURS0075.jpeg,/prevyu/fasad/furs0075.jpeg
/ПРЕВЬЮ/фасад/FURS0075_1.jpeg,/prevyu/fasad/furs0075-1.jpeg
/ПРЕВЬЮ/фасад/FURS0076.jpeg,/prevyu/fasad/furs0076.jpeg
/ПРЕВЬЮ/фасад/FURS0076_1.jpeg,/prevyu/fasad/furs0076-1.jpeg
/ПРЕВЬЮ/фасад/FURS0077.jpeg,/prevyu/fasad/furs0077.jpeg
/ПРЕВЬЮ/фасад/FURS0077_1.jpeg,/prevyu/fasad/furs0077-1.jpeg
/ПРЕВЬЮ/фасад/FURS0078.jpeg,/prevyu/fasad/furs0078.jpeg
/ПРЕВЬЮ/фасад/FURS0078_1.jpeg,/prevyu/fasad/furs0078-1.jpeg
/ПРЕВЬЮ/фасад/FURS0079.jpeg,/prevyu/fasad/furs0079.jpeg
/ПРЕВЬЮ/фасад/FURS0079_1.jpeg,/prevyu/fasad/furs0079-1.jpeg
/ПРЕВЬЮ/фасад/FURS0080.jpeg,/prevyu/fasad/furs0080.jpeg
/ПРЕВЬЮ/фасад/FURS0080_1.jpeg,/prevyu/fasad/furs0080-1.jpeg
/ПРЕВЬЮ/фасад/FURS0081.jpeg,/prevyu/fasad/furs0081.jpeg
/ПРЕВЬЮ/фасад/FURS0081_1.jpeg,/prevyu/fasad/furs0081-1.jpeg
/ПРЕВЬЮ/фасад/FURS0082.jpeg,/prevyu/fasad/furs0082.jpeg
/ПРЕВЬЮ/фасад/FURS0082_1.jpeg,/prevyu/fasad/furs0082-1.jpeg
/ПРЕВЬЮ/фасад/FURS0083.jpeg,/prevyu/fasad/furs0083.jpeg
/ПРЕВЬЮ/фасад/FURS0083_1.jpeg,/prevyu/fasad/furs0083-1.jpeg
/ПРЕВЬЮ/фасад/FURS0084.jpeg,/prevyu/fasad/furs0084.jpeg
/ПРЕВЬЮ/фасад/FURS0084_1.jpeg,/prevyu/fasad/furs0084-1.jpeg
/ПРЕВЬЮ/фасад/FURS0085.jpeg,/prevyu/fasad/furs0085.jpeg
/ПРЕВЬЮ/фасад/FURS0085_1.jpeg,/prevyu/fasad/furs0085-1.jpeg
/ПРЕВЬЮ/фасад/FURS0086.jpeg,/prevyu/fasad/furs0086.jpeg
/ПРЕВЬЮ/фасад/FURS0086_1.jpeg,/prevyu/fasad/furs0086-1.jpeg
/ПРЕВЬЮ/фасад/FURS0087.jpeg,/prevyu/fasad/furs0087.jpeg
/ПРЕВЬЮ/фасад/FURS0087_1.jpeg,/prevyu/fasad/furs0087-1.jpeg
/ПРЕВЬЮ/фасад/FURS0088.jpeg,/prevyu/fasad/furs0088.jpeg
/ПРЕВЬЮ/фасад/FURS0088_1.jpeg,/prevyu/fasad/furs0088-1.jpeg
/ПРЕВЬЮ/фасад/FURS0089.jpeg,/prevyu/fasad/furs0089.jpeg
/ПРЕВЬЮ/фасад/FURS0089_1.jpeg,/prevyu/fasad/furs0089-1.jpeg
/ПРЕВЬЮ/фасад/FURS0090.jpeg,/prevyu/fasad/furs0090.jpeg
/ПРЕВЬЮ/фасад/FURS0090_1.jpeg,/prevyu/fasad/furs0090-1.jpeg
